{
  "date": "31-10-2025",
  "opening_balance": 973.78,
  "closing_balance": 1066.83,
  "trades": {
    "2025-10-31_05:50": {
      "position_id": 2800226323,
      "date": "31-10-2025",
      "trade_number": 1,
      "entry_time": "05:50",
      "entry_price": 4032.403,
      "sl_price": 4030.403,
      "tp_price": 4038.403,
      "lot_size": 0.09,
      "side": "BUY",
      "tag": "2025-10-31_05:50",
      "trade_outcome": "LOSS",
      "pnl": -18.0,
      "exit_time": "05:50",
      "account_balance": 955.78,
      "status": "CLOSED",
      "partial_close_triggered": false,
      "partial_close_price": null,
      "partial_close_lots": null,
      "partial_close_pnl": null,
      "remaining_lots": null,
      "remaining_pnl": null,
      "partial_close_net": null
    },
    "2025-10-31_06:30": {
      "position_id": 2800407373,
      "date": "31-10-2025",
      "trade_number": 2,
      "entry_time": "06:30",
      "entry_price": 4024.865,
      "sl_price": 4026.865,
      "tp_price": 4018.865,
      "lot_size": 0.09,
      "side": "SELL",
      "tag": "2025-10-31_06:30",
      "trade_outcome": "LOSS",
      "pnl": -18.0,
      "exit_time": "06:35",
      "account_balance": 937.78,
      "status": "CLOSED",
      "partial_close_triggered": false,
      "partial_close_price": null,
      "partial_close_lots": null,
      "partial_close_pnl": null,
      "remaining_lots": null,
      "remaining_pnl": null,
      "partial_close_net": null
    },
    "2025-10-31_08:05": {
      "position_id": 2801082797,
      "date": "31-10-2025",
      "trade_number": 3,
      "entry_time": "08:05",
      "entry_price": 4010.019,
      "sl_price": 4012.019,
      "tp_price": 4004.019,
      "lot_size": 0.09,
      "side": "SELL",
      "tag": "2025-10-31_08:05",
      "trade_outcome": "Partial Close",
      "pnl": 54.0,
      "exit_time": "08:07",
      "account_balance": 991.78,
      "status": "CLOSED",
      "partial_close_triggered": true,
      "partial_close_price": 4004.198,
      "partial_close_lots": 0.09,
      "partial_close_pnl": 54.0,
      "remaining_lots": 0.0,
      "remaining_pnl": 0.0,
      "partial_close_net": 54.0
    },
    "2025-10-31_08:55": {
      "position_id": 2801534155,
      "date": "31-10-2025",
      "trade_number": 4,
      "entry_time": "08:55",
      "entry_price": 3998.592,
      "sl_price": 3996.592,
      "tp_price": 4004.592,
      "lot_size": 0.09,
      "side": "BUY",
      "tag": "2025-10-31_08:55",
      "trade_outcome": "LOSS",
      "pnl": -18.16,
      "exit_time": "08:55",
      "account_balance": 973.62,
      "status": "CLOSED",
      "partial_close_triggered": false,
      "partial_close_price": null,
      "partial_close_lots": null,
      "partial_close_pnl": null,
      "remaining_lots": null,
      "remaining_pnl": null,
      "partial_close_net": null
    },
    "2025-10-31_09:25": {
      "position_id": 2801722551,
      "date": "31-10-2025",
      "trade_number": 5,
      "entry_time": "09:25",
      "entry_price": 3996.335,
      "sl_price": 3998.335,
      "tp_price": 3990.335,
      "lot_size": 0.09,
      "side": "SELL",
      "tag": "2025-10-31_09:25",
      "trade_outcome": "Partial Close",
      "pnl": 54.0,
      "exit_time": "09:38",
      "account_balance": 1027.62,
      "status": "CLOSED",
      "partial_close_triggered": true,
      "partial_close_price": 3990.225,
      "partial_close_lots": 0.09,
      "partial_close_pnl": 54.0,
      "remaining_lots": 0.0,
      "remaining_pnl": 0.0,
      "partial_close_net": 54.0
    },
    "2025-10-31_10:05": {
      "position_id": 2801970989,
      "date": "31-10-2025",
      "trade_number": 7,
      "entry_time": "10:05",
      "entry_price": 4000.502,
      "sl_price": 4002.502,
      "tp_price": 3994.502,
      "lot_size": 0.1,
      "side": "SELL",
      "tag": "2025-10-31_10:05",
      "trade_outcome": "LOSS",
      "pnl": -20.0,
      "exit_time": "10:17",
      "account_balance": 987.62,
      "status": "CLOSED",
      "partial_close_triggered": false,
      "partial_close_price": null,
      "partial_close_lots": null,
      "partial_close_pnl": null,
      "remaining_lots": null,
      "remaining_pnl": null,
      "partial_close_net": null
    },
    "2025-10-31_10:35": {
      "position_id": 2802148658,
      "date": "31-10-2025",
      "trade_number": 8,
      "entry_time": "10:35",
      "entry_price": 4000.425,
      "sl_price": 4002.425,
      "tp_price": 3994.425,
      "lot_size": 0.09,
      "side": "SELL",
      "tag": "2025-10-31_10:35",
      "trade_outcome": "Profit",
      "pnl": 48.42,
      "exit_time": "10:51",
      "account_balance": 1036.04,
      "status": "CLOSED",
      "partial_close_triggered": true,
      "partial_close_price": 3995.344,
      "partial_close_lots": 0.06,
      "partial_close_pnl": 30.42,
      "remaining_lots": 0.03,
      "remaining_pnl": 18.0,
      "partial_close_net": 48.42
    },
    "2025-10-31_18:30": {
      "position_id": 2805999433,
      "date": "31-10-2025",
      "trade_number": 9,
      "entry_time": "18:30",
      "entry_price": 4021.74,
      "sl_price": 4023.74,
      "tp_price": 4015.74,
      "lot_size": 0.1,
      "side": "SELL",
      "tag": "2025-10-31_18:30",
      "trade_outcome": "LOSS",
      "pnl": -20.0,
      "exit_time": "18:30",
      "account_balance": 1016.04,
      "status": "CLOSED",
      "partial_close_triggered": false,
      "partial_close_price": null,
      "partial_close_lots": null,
      "partial_close_pnl": null,
      "remaining_lots": null,
      "remaining_pnl": null,
      "partial_close_net": null
    },
    "2025-10-31_18:35": {
      "position_id": 2806068107,
      "date": "31-10-2025",
      "trade_number": 10,
      "entry_time": "18:35",
      "entry_price": 4026.662,
      "sl_price": 4024.662,
      "tp_price": 4032.662,
      "lot_size": 0.1,
      "side": "BUY",
      "tag": "2025-10-31_18:35",
      "trade_outcome": "LOSS",
      "pnl": -20.0,
      "exit_time": "18:35",
      "account_balance": 996.04,
      "status": "CLOSED",
      "partial_close_triggered": false,
      "partial_close_price": null,
      "partial_close_lots": null,
      "partial_close_pnl": null,
      "remaining_lots": null,
      "remaining_pnl": null,
      "partial_close_net": null
    },
    "2025-10-31_19:00": {
      "position_id": 2806335915,
      "date": "31-10-2025",
      "trade_number": 11,
      "entry_time": "19:00",
      "entry_price": 4027.16,
      "sl_price": 4029.16,
      "tp_price": 4021.16,
      "lot_size": 0.09,
      "side": "SELL",
      "tag": "2025-10-31_19:00",
      "trade_outcome": "PROFIT",
      "pnl": 54.0,
      "exit_time": "19:02",
      "account_balance": 1050.04,
      "status": "CLOSED",
      "partial_close_triggered": false,
      "partial_close_price": null,
      "partial_close_lots": null,
      "partial_close_pnl": null,
      "remaining_lots": null,
      "remaining_pnl": null,
      "partial_close_net": null
    },
    "2025-10-31_19:05": {
      "position_id": 2806415624,
      "date": "31-10-2025",
      "trade_number": 12,
      "entry_time": "19:05",
      "entry_price": 4021.668,
      "sl_price": 4023.668,
      "tp_price": 4015.668,
      "lot_size": 0.1,
      "side": "SELL",
      "tag": "2025-10-31_19:05",
      "trade_outcome": "PROFIT",
      "pnl": 60.0,
      "exit_time": "19:09",
      "account_balance": 1110.04,
      "status": "CLOSED",
      "partial_close_triggered": false,
      "partial_close_price": null,
      "partial_close_lots": null,
      "partial_close_pnl": null,
      "remaining_lots": null,
      "remaining_pnl": null,
      "partial_close_net": null
    },
    "2025-10-31_19:30": {
      "position_id": 2806736216,
      "date": "31-10-2025",
      "trade_number": 13,
      "entry_time": "19:30",
      "entry_price": 4017.235,
      "sl_price": 4015.235,
      "tp_price": 4023.235,
      "lot_size": 0.11,
      "side": "BUY",
      "tag": "2025-10-31_19:30",
      "trade_outcome": "Profit",
      "pnl": 64.79,
      "exit_time": "19:32",
      "account_balance": 1174.83,
      "status": "CLOSED",
      "partial_close_triggered": true,
      "partial_close_price": 4022.836,
      "partial_close_lots": 0.07,
      "partial_close_pnl": 40.79,
      "remaining_lots": 0.04,
      "remaining_pnl": 24.0,
      "partial_close_net": 64.79
    },
    "2025-10-31_19:35": {
      "position_id": 2806813497,
      "date": "31-10-2025",
      "trade_number": 14,
      "entry_time": "19:35",
      "entry_price": 4026.461,
      "sl_price": 4024.461,
      "tp_price": 4032.461,
      "lot_size": 0.11,
      "side": "BUY",
      "tag": "2025-10-31_19:35",
      "trade_outcome": "LOSS",
      "pnl": -22.0,
      "exit_time": "19:38",
      "account_balance": 1152.83,
      "status": "CLOSED",
      "partial_close_triggered": false,
      "partial_close_price": null,
      "partial_close_lots": null,
      "partial_close_pnl": null,
      "remaining_lots": null,
      "remaining_pnl": null,
      "partial_close_net": null
    },
    "2025-10-31_19:45": {
      "position_id": 2806941462,
      "date": "31-10-2025",
      "trade_number": 15,
      "entry_time": "19:45",
      "entry_price": 4018.972,
      "sl_price": 4020.972,
      "tp_price": 4012.972,
      "lot_size": 0.11,
      "side": "SELL",
      "tag": "2025-10-31_19:45",
      "trade_outcome": "LOSS",
      "pnl": -22.0,
      "exit_time": "19:46",
      "account_balance": 1130.83,
      "status": "CLOSED",
      "partial_close_triggered": false,
      "partial_close_price": null,
      "partial_close_lots": null,
      "partial_close_pnl": null,
      "remaining_lots": null,
      "remaining_pnl": null,
      "partial_close_net": null
    },
    "2025-10-31_20:05": {
      "position_id": 2807184355,
      "date": "31-10-2025",
      "trade_number": 16,
      "entry_time": "20:05",
      "entry_price": 4021.212,
      "sl_price": 4019.212,
      "tp_price": 4027.212,
      "lot_size": 0.11,
      "side": "BUY",
      "tag": "2025-10-31_20:05",
      "trade_outcome": "LOSS",
      "pnl": -22.0,
      "exit_time": "20:05",
      "account_balance": 1108.83,
      "status": "CLOSED",
      "partial_close_triggered": false,
      "partial_close_price": null,
      "partial_close_lots": null,
      "partial_close_pnl": null,
      "remaining_lots": null,
      "remaining_pnl": null,
      "partial_close_net": null
    },
    "2025-10-31_20:30": {
      "position_id": 2807443891,
      "date": "31-10-2025",
      "trade_number": 17,
      "entry_time": "20:30",
      "entry_price": 4020.385,
      "sl_price": 4018.385,
      "tp_price": 4026.385,
      "lot_size": 0.11,
      "side": "BUY",
      "tag": "2025-10-31_20:30",
      "trade_outcome": "LOSS",
      "pnl": -22.0,
      "exit_time": "20:30",
      "account_balance": 1086.83,
      "status": "CLOSED",
      "partial_close_triggered": false,
      "partial_close_price": null,
      "partial_close_lots": null,
      "partial_close_pnl": null,
      "remaining_lots": null,
      "remaining_pnl": null,
      "partial_close_net": null
    },
    "2025-10-31_20:35": {
      "position_id": 2807517633,
      "date": "31-10-2025",
      "trade_number": 18,
      "entry_time": "20:35",
      "entry_price": 4013.856,
      "sl_price": 4015.856,
      "tp_price": 4007.856,
      "lot_size": 0.1,
      "side": "SELL",
      "tag": "2025-10-31_20:35",
      "trade_outcome": "LOSS",
      "pnl": -20.0,
      "exit_time": "20:42",
      "account_balance": 1066.83,
      "status": "CLOSED",
      "partial_close_triggered": false,
      "partial_close_price": null,
      "partial_close_lots": null,
      "partial_close_pnl": null,
      "remaining_lots": null,
      "remaining_pnl": null,
      "partial_close_net": null
    }
  }
}