{
  "date": "29-10-2025",
  "opening_balance": 1130.47,
  "closing_balance": 973.78,
  "trades": {
    "2025-10-29_05:50": {
      "position_id": 2776405910,
      "date": "29-10-2025",
      "trade_number": 1,
      "entry_time": "05:50",
      "entry_price": 3966.437,
      "sl_price": 3964.437,
      "tp_price": 3972.437,
      "lot_size": 0.1,
      "side": "BUY",
      "tag": "2025-10-29_05:50",
      "trade_outcome": "LOSS",
      "pnl": -20.0,
      "exit_time": "05:50",
      "account_balance": 1079.78,
      "status": "CLOSED"
    },
    "2025-10-29_06:30": {
      "position_id": 2776657158,
      "date": "29-10-2025",
      "trade_number": 2,
      "entry_time": "06:30",
      "entry_price": 3976.127,
      "sl_price": 3974.127,
      "tp_price": 3982.127,
      "lot_size": 0.1,
      "side": "BUY",
      "tag": "2025-10-29_06:30",
      "trade_outcome": "LOSS",
      "pnl": -20.0,
      "exit_time": "06:35",
      "account_balance": 1059.78,
      "status": "CLOSED"
    },
    "2025-10-29_08:05": {
      "position_id": 2777333368,
      "date": "29-10-2025",
      "trade_number": 3,
      "entry_time": "08:05",
      "entry_price": 3954.838,
      "sl_price": 3956.838,
      "tp_price": 3948.838,
      "lot_size": 0.1,
      "side": "SELL",
      "tag": "2025-10-29_08:05",
      "trade_outcome": "PROFIT",
      "pnl": 60.0,
      "exit_time": "08:05",
      "account_balance": 1119.78,
      "status": "CLOSED"
    },
    "2025-10-29_08:55": {
      "position_id": 2777694607,
      "date": "29-10-2025",
      "trade_number": 4,
      "entry_time": "08:55",
      "entry_price": 3969.35,
      "sl_price": 3967.35,
      "tp_price": 3975.35,
      "lot_size": 0.11,
      "side": "BUY",
      "tag": "2025-10-29_08:55",
      "trade_outcome": "LOSS",
      "pnl": -22.0,
      "exit_time": "08:56",
      "account_balance": 1097.78,
      "status": "CLOSED"
    },
    "2025-10-29_09:25": {
      "position_id": 2777868967,
      "date": "29-10-2025",
      "trade_number": 5,
      "entry_time": "09:25",
      "entry_price": 3966.677,
      "sl_price": 3968.677,
      "tp_price": 3960.677,
      "lot_size": 0.1,
      "side": "SELL",
      "tag": "2025-10-29_09:25",
      "trade_outcome": "PROFIT",
      "pnl": 60.0,
      "exit_time": "09:35",
      "account_balance": 1157.78,
      "status": "CLOSED"
    },
    "2025-10-29_09:45": {
      "position_id": 2778007578,
      "date": "29-10-2025",
      "trade_number": 6,
      "entry_time": "09:45",
      "entry_price": 3955.683,
      "sl_price": 3957.683,
      "tp_price": 3949.683,
      "lot_size": 0.11,
      "side": "SELL",
      "tag": "2025-10-29_09:45",
      "trade_outcome": "LOSS",
      "pnl": -22.0,
      "exit_time": "09:46",
      "account_balance": 1135.78,
      "status": "CLOSED"
    },
    "2025-10-29_10:05": {
      "position_id": 2778159192,
      "date": "29-10-2025",
      "trade_number": 7,
      "entry_time": "10:05",
      "entry_price": 3957.183,
      "sl_price": 3955.183,
      "tp_price": 3963.183,
      "lot_size": 0.11,
      "side": "BUY",
      "tag": "2025-10-29_10:05",
      "trade_outcome": "LOSS",
      "pnl": -22.0,
      "exit_time": "10:17",
      "account_balance": 1113.78,
      "status": "CLOSED"
    },
    "2025-10-29_10:35": {
      "position_id": 2778352262,
      "date": "29-10-2025",
      "trade_number": 8,
      "entry_time": "10:35",
      "entry_price": 3963.074,
      "sl_price": 3961.074,
      "tp_price": 3969.074,
      "lot_size": 0.11,
      "side": "BUY",
      "tag": "2025-10-29_10:35",
      "trade_outcome": "LOSS",
      "pnl": -22.0,
      "exit_time": "10:36",
      "account_balance": 1091.78,
      "status": "CLOSED"
    },
    "2025-10-29_18:30": {
      "position_id": 2782333488,
      "date": "29-10-2025",
      "trade_number": 10,
      "entry_time": "18:30",
      "entry_price": 4022.269,
      "sl_price": 4020.269,
      "tp_price": 4028.269,
      "lot_size": 0.1,
      "side": "BUY",
      "tag": "2025-10-29_18:30",
      "trade_outcome": "LOSS",
      "pnl": -20.0,
      "exit_time": "18:30",
      "account_balance": 1071.78,
      "status": "CLOSED",
      "partial_close_triggered": false,
      "partial_close_price": null,
      "partial_close_lots": null,
      "partial_close_pnl": null,
      "remaining_lots": null,
      "remaining_pnl": null,
      "partial_close_net": null
    },
    "2025-10-29_18:35": {
      "position_id": 2782423946,
      "date": "29-10-2025",
      "trade_number": 11,
      "entry_time": "18:35",
      "entry_price": 4015.461,
      "sl_price": 4017.461,
      "tp_price": 4009.461,
      "lot_size": 0.1,
      "side": "SELL",
      "tag": "2025-10-29_18:35",
      "trade_outcome": "LOSS",
      "pnl": -20.0,
      "exit_time": "18:35",
      "account_balance": 1051.78,
      "status": "CLOSED",
      "partial_close_triggered": false,
      "partial_close_price": null,
      "partial_close_lots": null,
      "partial_close_pnl": null,
      "remaining_lots": null,
      "remaining_pnl": null,
      "partial_close_net": null
    },
    "2025-10-29_19:00": {
      "position_id": 2782715407,
      "date": "29-10-2025",
      "trade_number": 12,
      "entry_time": "19:00",
      "entry_price": 4018.61,
      "sl_price": 4016.61,
      "tp_price": 4024.61,
      "lot_size": 0.1,
      "side": "BUY",
      "tag": "2025-10-29_19:00",
      "trade_outcome": "LOSS",
      "pnl": -20.0,
      "exit_time": "19:00",
      "account_balance": 1031.78,
      "status": "CLOSED",
      "partial_close_triggered": false,
      "partial_close_price": null,
      "partial_close_lots": null,
      "partial_close_pnl": null,
      "remaining_lots": null,
      "remaining_pnl": null,
      "partial_close_net": null
    },
    "2025-10-29_19:05": {
      "position_id": 2782789307,
      "date": "29-10-2025",
      "trade_number": 13,
      "entry_time": "19:05",
      "entry_price": 4010.993,
      "sl_price": 4012.993,
      "tp_price": 4004.993,
      "lot_size": 0.1,
      "side": "SELL",
      "tag": "2025-10-29_19:05",
      "trade_outcome": "LOSS",
      "pnl": -20.0,
      "exit_time": "19:05",
      "account_balance": 1011.78,
      "status": "CLOSED",
      "partial_close_triggered": false,
      "partial_close_price": null,
      "partial_close_lots": null,
      "partial_close_pnl": null,
      "remaining_lots": null,
      "remaining_pnl": null,
      "partial_close_net": null
    },
    "2025-10-29_19:30": {
      "position_id": 2783096937,
      "date": "29-10-2025",
      "trade_number": 14,
      "entry_time": "19:30",
      "entry_price": 4011.987,
      "sl_price": 4009.987,
      "tp_price": 4017.987,
      "lot_size": 0.1,
      "side": "BUY",
      "tag": "2025-10-29_19:30",
      "trade_outcome": "PROFIT",
      "pnl": 60.0,
      "exit_time": "19:33",
      "account_balance": 1071.78,
      "status": "CLOSED",
      "partial_close_triggered": false,
      "partial_close_price": null,
      "partial_close_lots": null,
      "partial_close_pnl": null,
      "remaining_lots": null,
      "remaining_pnl": null,
      "partial_close_net": null
    },
    "2025-10-29_19:35": {
      "position_id": 2783173983,
      "date": "29-10-2025",
      "trade_number": 15,
      "entry_time": "19:35",
      "entry_price": 4018.53,
      "sl_price": 4016.53,
      "tp_price": 4024.53,
      "lot_size": 0.1,
      "side": "BUY",
      "tag": "2025-10-29_19:35",
      "trade_outcome": "LOSS",
      "pnl": -20.0,
      "exit_time": "19:41",
      "account_balance": 1051.78,
      "status": "CLOSED",
      "partial_close_triggered": false,
      "partial_close_price": null,
      "partial_close_lots": null,
      "partial_close_pnl": null,
      "remaining_lots": null,
      "remaining_pnl": null,
      "partial_close_net": null
    },
    "2025-10-29_19:45": {
      "position_id": 2783321387,
      "date": "29-10-2025",
      "trade_number": 16,
      "entry_time": "19:45",
      "entry_price": 4017.302,
      "sl_price": 4019.302,
      "tp_price": 4011.302,
      "lot_size": 0.1,
      "side": "SELL",
      "tag": "2025-10-29_19:45",
      "trade_outcome": "LOSS",
      "pnl": -20.0,
      "exit_time": "19:45",
      "account_balance": 1031.78,
      "status": "CLOSED",
      "partial_close_triggered": false,
      "partial_close_price": null,
      "partial_close_lots": null,
      "partial_close_pnl": null,
      "remaining_lots": null,
      "remaining_pnl": null,
      "partial_close_net": null
    },
    "2025-10-29_20:05": {
      "position_id": 2783503180,
      "date": "29-10-2025",
      "trade_number": 17,
      "entry_time": "20:05",
      "entry_price": 4017.308,
      "sl_price": 4015.308,
      "tp_price": 4023.308,
      "lot_size": 0.1,
      "side": "BUY",
      "tag": "2025-10-29_20:05",
      "trade_outcome": "LOSS",
      "pnl": -20.0,
      "exit_time": "20:07",
      "account_balance": 1011.78,
      "status": "CLOSED",
      "partial_close_triggered": false,
      "partial_close_price": null,
      "partial_close_lots": null,
      "partial_close_pnl": null,
      "remaining_lots": null,
      "remaining_pnl": null,
      "partial_close_net": null
    },
    "2025-10-29_20:30": {
      "position_id": 2783808017,
      "date": "29-10-2025",
      "trade_number": 18,
      "entry_time": "20:30",
      "entry_price": 4006.673,
      "sl_price": 4008.673,
      "tp_price": 4000.673,
      "lot_size": 0.1,
      "side": "SELL",
      "tag": "2025-10-29_20:30",
      "trade_outcome": "LOSS",
      "pnl": -20.0,
      "exit_time": "20:31",
      "account_balance": 991.78,
      "status": "CLOSED",
      "partial_close_triggered": false,
      "partial_close_price": null,
      "partial_close_lots": null,
      "partial_close_pnl": null,
      "remaining_lots": null,
      "remaining_pnl": null,
      "partial_close_net": null
    },
    "2025-10-29_20:35": {
      "position_id": 2783884098,
      "date": "29-10-2025",
      "trade_number": 19,
      "entry_time": "20:35",
      "entry_price": 4009.306,
      "sl_price": 4007.306,
      "tp_price": 4015.306,
      "lot_size": 0.09,
      "side": "BUY",
      "tag": "2025-10-29_20:35",
      "trade_outcome": "LOSS",
      "pnl": -18.0,
      "exit_time": "20:47",
      "account_balance": 973.78,
      "status": "CLOSED",
      "partial_close_triggered": false,
      "partial_close_price": null,
      "partial_close_lots": null,
      "partial_close_pnl": null,
      "remaining_lots": null,
      "remaining_pnl": null,
      "partial_close_net": null
    }
  }
}