{
  "date": "23-10-2025",
  "opening_balance": 679.21,
  "closing_balance": 1000.75,
  "trades": {
    "2025-10-23_05:50": {
      "position_id": 2726413156,
      "date": "23-10-2025",
      "trade_number": 1,
      "entry_time": "05:50",
      "entry_price": 4081.737,
      "sl_price": 4083.737,
      "tp_price": 4075.737,
      "lot_size": 0.09,
      "side": "SELL",
      "tag": "2025-10-23_05:50",
      "trade_outcome": "PROFIT",
      "pnl": 54.0,
      "exit_time": "05:51",
      "account_balance": 1022.75,
      "status": "CLOSED"
    },
    "2025-10-23_06:30": {
      "position_id": 2726668710,
      "date": "23-10-2025",
      "trade_number": 2,
      "entry_time": "06:30",
      "entry_price": 4079.632,
      "sl_price": 4081.632,
      "tp_price": 4073.632,
      "lot_size": 0.1,
      "side": "SELL",
      "tag": "2025-10-23_06:30",
      "trade_outcome": "PROFIT",
      "pnl": 60.0,
      "exit_time": "06:30",
      "account_balance": 1082.75,
      "status": "CLOSED"
    },
    "2025-10-23_08:05": {
      "position_id": 2727381535,
      "date": "23-10-2025",
      "trade_number": 3,
      "entry_time": "08:05",
      "entry_price": 4081.665,
      "sl_price": 4079.665,
      "tp_price": 4087.665,
      "lot_size": 0.1,
      "side": "BUY",
      "tag": "2025-10-23_08:05",
      "trade_outcome": "LOSS",
      "pnl": -20.0,
      "exit_time": "08:09",
      "account_balance": 1062.75,
      "status": "CLOSED"
    },
    "2025-10-23_08:55": {
      "position_id": 2727739109,
      "date": "23-10-2025",
      "trade_number": 4,
      "entry_time": "08:55",
      "entry_price": 4099.849,
      "sl_price": 4097.849,
      "tp_price": 4105.849,
      "lot_size": 0.1,
      "side": "BUY",
      "tag": "2025-10-23_08:55",
      "trade_outcome": "LOSS",
      "pnl": -20.0,
      "exit_time": "08:57",
      "account_balance": 1042.75,
      "status": "CLOSED"
    },
    "2025-10-23_09:25": {
      "position_id": 2727925394,
      "date": "23-10-2025",
      "trade_number": 5,
      "entry_time": "09:25",
      "entry_price": 4090.22,
      "sl_price": 4092.22,
      "tp_price": 4084.22,
      "lot_size": 0.1,
      "side": "SELL",
      "tag": "2025-10-23_09:25",
      "trade_outcome": "LOSS",
      "pnl": -20.0,
      "exit_time": "09:25",
      "account_balance": 1022.75,
      "status": "CLOSED"
    },
    "2025-10-23_09:45": {
      "position_id": 2728045534,
      "date": "23-10-2025",
      "trade_number": 6,
      "entry_time": "09:45",
      "entry_price": 4092.319,
      "sl_price": 4090.319,
      "tp_price": 4098.319,
      "lot_size": 0.1,
      "side": "BUY",
      "tag": "2025-10-23_09:45",
      "trade_outcome": "LOSS",
      "pnl": -20.0,
      "exit_time": "09:48",
      "account_balance": 1002.75,
      "status": "CLOSED"
    },
    "2025-10-23_10:05": {
      "position_id": 2728204090,
      "date": "23-10-2025",
      "trade_number": 7,
      "entry_time": "10:05",
      "entry_price": 4087.295,
      "sl_price": 4085.295,
      "tp_price": 4093.295,
      "lot_size": 0.1,
      "side": "BUY",
      "tag": "2025-10-23_10:05",
      "trade_outcome": "LOSS",
      "pnl": -20.0,
      "exit_time": "10:11",
      "account_balance": 982.75,
      "status": "CLOSED"
    },
    "2025-10-23_10:35": {
      "position_id": 2728386701,
      "date": "23-10-2025",
      "trade_number": 8,
      "entry_time": "10:35",
      "entry_price": 4090.406,
      "sl_price": 4092.406,
      "tp_price": 4084.406,
      "lot_size": 0.09,
      "side": "SELL",
      "tag": "2025-10-23_10:35",
      "trade_outcome": "LOSS",
      "pnl": -18.0,
      "exit_time": "10:35",
      "account_balance": 964.75,
      "status": "CLOSED"
    },
    "2025-10-23_18:30": {
      "position_id": 2732965117,
      "date": "23-10-2025",
      "trade_number": 9,
      "entry_time": "18:30",
      "entry_price": 4127.006,
      "sl_price": 4129.006,
      "tp_price": 4121.006,
      "lot_size": 0.09,
      "side": "SELL",
      "tag": "2025-10-23_18:30",
      "trade_outcome": "LOSS",
      "pnl": -18.0,
      "exit_time": "18:30",
      "account_balance": 946.75,
      "status": "CLOSED"
    },
    "2025-10-23_18:35": {
      "position_id": 2733036914,
      "date": "23-10-2025",
      "trade_number": 10,
      "entry_time": "18:35",
      "entry_price": 4130.216,
      "sl_price": 4128.216,
      "tp_price": 4136.216,
      "lot_size": 0.09,
      "side": "BUY",
      "tag": "2025-10-23_18:35",
      "trade_outcome": "PROFIT",
      "pnl": 54.0,
      "exit_time": "18:36",
      "account_balance": 1000.75,
      "status": "CLOSED"
    }
  }
}