{
  "date": "28-10-2025",
  "opening_balance": 943.42,
  "closing_balance": 1099.78,
  "trades": {
    "2025-10-28_05:50": {
      "position_id": 2764196955,
      "date": "28-10-2025",
      "trade_number": 1,
      "entry_time": "05:50",
      "entry_price": 3981.848,
      "sl_price": 3983.848,
      "tp_price": 3975.848,
      "lot_size": 0.11,
      "side": "SELL",
      "tag": "2025-10-28_05:50",
      "trade_outcome": "LOSS",
      "pnl": -22.0,
      "exit_time": "05:50",
      "account_balance": 1108.47,
      "status": "CLOSED"
    },
    "2025-10-28_06:30": {
      "position_id": 2764436404,
      "date": "28-10-2025",
      "trade_number": 2,
      "entry_time": "06:30",
      "entry_price": 4007.069,
      "sl_price": 4005.069,
      "tp_price": 4013.069,
      "lot_size": 0.11,
      "side": "BUY",
      "tag": "2025-10-28_06:30",
      "trade_outcome": "LOSS",
      "pnl": -22.0,
      "exit_time": "06:30",
      "account_balance": 1086.47,
      "status": "CLOSED"
    },
    "2025-10-28_08:05": {
      "position_id": 2765055440,
      "date": "28-10-2025",
      "trade_number": 3,
      "entry_time": "08:05",
      "entry_price": 3997.067,
      "sl_price": 3999.067,
      "tp_price": 3991.067,
      "lot_size": 0.1,
      "side": "SELL",
      "tag": "2025-10-28_08:05",
      "trade_outcome": "PROFIT",
      "pnl": 60.0,
      "exit_time": "08:07",
      "account_balance": 1146.47,
      "status": "CLOSED"
    },
    "2025-10-28_08:55": {
      "position_id": 2765429727,
      "date": "28-10-2025",
      "trade_number": 4,
      "entry_time": "08:55",
      "entry_price": 3991.077,
      "sl_price": 3989.077,
      "tp_price": 3997.077,
      "lot_size": 0.11,
      "side": "BUY",
      "tag": "2025-10-28_08:55",
      "trade_outcome": "LOSS",
      "pnl": -22.0,
      "exit_time": "09:01",
      "account_balance": 1124.47,
      "status": "CLOSED"
    },
    "2025-10-28_09:25": {
      "position_id": 2765607418,
      "date": "28-10-2025",
      "trade_number": 5,
      "entry_time": "09:25",
      "entry_price": 3992.031,
      "sl_price": 3994.031,
      "tp_price": 3986.031,
      "lot_size": 0.11,
      "side": "SELL",
      "tag": "2025-10-28_09:25",
      "trade_outcome": "LOSS",
      "pnl": -22.0,
      "exit_time": "09:30",
      "account_balance": 1102.47,
      "status": "CLOSED"
    },
    "2025-10-28_09:45": {
      "position_id": 2765726854,
      "date": "28-10-2025",
      "trade_number": 6,
      "entry_time": "09:45",
      "entry_price": 3987.469,
      "sl_price": 3989.469,
      "tp_price": 3981.469,
      "lot_size": 0.11,
      "side": "SELL",
      "tag": "2025-10-28_09:45",
      "trade_outcome": "PROFIT",
      "pnl": 66.0,
      "exit_time": "09:52",
      "account_balance": 1168.47,
      "status": "CLOSED"
    },
    "2025-10-28_10:05": {
      "position_id": 2765952544,
      "date": "28-10-2025",
      "trade_number": 7,
      "entry_time": "10:05",
      "entry_price": 3972.095,
      "sl_price": 3970.095,
      "tp_price": 3978.095,
      "lot_size": 0.11,
      "side": "BUY",
      "tag": "2025-10-28_10:05",
      "trade_outcome": "LOSS",
      "pnl": -22.0,
      "exit_time": "10:09",
      "account_balance": 1146.47,
      "status": "CLOSED"
    },
    "2025-10-28_10:35": {
      "position_id": 2766183680,
      "date": "28-10-2025",
      "trade_number": 8,
      "entry_time": "10:35",
      "entry_price": 3973.402,
      "sl_price": 3975.402,
      "tp_price": 3967.402,
      "lot_size": 0.11,
      "side": "SELL",
      "tag": "2025-10-28_10:35",
      "trade_outcome": "LOSS",
      "pnl": -22.0,
      "exit_time": "10:41",
      "account_balance": 1124.47,
      "status": "CLOSED"
    },
    "2025-10-28_18:30": {
      "position_id": 2771286711,
      "date": "28-10-2025",
      "trade_number": 9,
      "entry_time": "18:30",
      "entry_price": 3913.598,
      "sl_price": 3911.598,
      "tp_price": 3919.598,
      "lot_size": 0.11,
      "side": "BUY",
      "tag": "2025-10-28_18:30",
      "trade_outcome": "PROFIT",
      "pnl": 66.0,
      "exit_time": "18:30",
      "account_balance": 1190.47,
      "status": "CLOSED"
    },
    "2025-10-28_18:35": {
      "position_id": 2771398732,
      "date": "28-10-2025",
      "trade_number": 10,
      "entry_time": "18:35",
      "entry_price": 3928.789,
      "sl_price": 3926.789,
      "tp_price": 3934.789,
      "lot_size": 0.11,
      "side": "BUY",
      "tag": "2025-10-28_18:35",
      "trade_outcome": "LOSS",
      "pnl": -22.0,
      "exit_time": "18:36",
      "account_balance": 1168.47,
      "status": "CLOSED"
    },
    "2025-10-28_19:00": {
      "position_id": 2771734734,
      "date": "28-10-2025",
      "trade_number": 11,
      "entry_time": "19:00",
      "entry_price": 3929.797,
      "sl_price": 3927.797,
      "tp_price": 3935.797,
      "lot_size": 0.11,
      "side": "BUY",
      "tag": "2025-10-28_19:00",
      "trade_outcome": "LOSS",
      "pnl": -22.0,
      "exit_time": "19:00",
      "account_balance": 1146.47,
      "status": "CLOSED"
    },
    "2025-10-28_19:05": {
      "position_id": 2771828487,
      "date": "28-10-2025",
      "trade_number": 12,
      "entry_time": "19:05",
      "entry_price": 3924.024,
      "sl_price": 3926.024,
      "tp_price": 3918.024,
      "lot_size": 0.11,
      "side": "SELL",
      "tag": "2025-10-28_19:05",
      "trade_outcome": "LOSS",
      "pnl": -22.0,
      "exit_time": "19:05",
      "account_balance": 1124.47,
      "status": "CLOSED"
    },
    "2025-10-28_19:30": {
      "position_id": 2772205462,
      "date": "28-10-2025",
      "trade_number": 13,
      "entry_time": "19:30",
      "entry_price": 3940.491,
      "sl_price": 3938.491,
      "tp_price": 3946.491,
      "lot_size": 0.11,
      "side": "BUY",
      "tag": "2025-10-28_19:30",
      "trade_outcome": "LOSS",
      "pnl": -22.0,
      "exit_time": "19:40",
      "account_balance": 1105.78,
      "status": "CLOSED"
    },
    "2025-10-28_19:35": {
      "position_id": 2772265940,
      "date": "28-10-2025",
      "trade_number": 14,
      "entry_time": "19:35",
      "entry_price": 3941.917,
      "sl_price": 3939.917,
      "tp_price": 3947.917,
      "lot_size": 0.11,
      "side": "BUY",
      "tag": "2025-10-28_19:35",
      "trade_outcome": "LOSS",
      "pnl": -22.0,
      "exit_time": "19:40",
      "account_balance": 1127.78,
      "status": "CLOSED"
    },
    "2025-10-28_19:45": {
      "position_id": 2772420337,
      "date": "28-10-2025",
      "trade_number": 15,
      "entry_time": "19:45",
      "entry_price": 3938.734,
      "sl_price": 3940.734,
      "tp_price": 3932.734,
      "lot_size": 0.11,
      "side": "SELL",
      "tag": "2025-10-28_19:45",
      "trade_outcome": "LOSS",
      "pnl": -22.0,
      "exit_time": "19:46",
      "account_balance": 1083.78,
      "status": "CLOSED"
    },
    "2025-10-28_20:05": {
      "position_id": 2772707729,
      "date": "28-10-2025",
      "trade_number": 16,
      "entry_time": "20:05",
      "entry_price": 3948.939,
      "sl_price": 3950.939,
      "tp_price": 3942.939,
      "lot_size": 0.1,
      "side": "SELL",
      "tag": "2025-10-28_20:05",
      "trade_outcome": "PROFIT",
      "pnl": 60.0,
      "exit_time": "20:10",
      "account_balance": 1143.78,
      "status": "CLOSED"
    },
    "2025-10-28_20:30": {
      "position_id": 2773056472,
      "date": "28-10-2025",
      "trade_number": 17,
      "entry_time": "20:30",
      "entry_price": 3949.472,
      "sl_price": 3947.472,
      "tp_price": 3955.472,
      "lot_size": 0.11,
      "side": "BUY",
      "tag": "2025-10-28_20:30",
      "trade_outcome": "LOSS",
      "pnl": -22.0,
      "exit_time": "20:30",
      "account_balance": 1121.78,
      "status": "CLOSED"
    },
    "2025-10-28_20:35": {
      "position_id": 2773122793,
      "date": "28-10-2025",
      "trade_number": 18,
      "entry_time": "20:35",
      "entry_price": 3952.249,
      "sl_price": 3950.249,
      "tp_price": 3958.249,
      "lot_size": 0.11,
      "side": "BUY",
      "tag": "2025-10-28_20:35",
      "trade_outcome": "LOSS",
      "pnl": -22.0,
      "exit_time": "20:38",
      "account_balance": 1099.78,
      "status": "CLOSED"
    }
  }
}