{
  "date": "24-10-2025",
  "opening_balance": 968.75,
  "closing_balance": 943.42,
  "trades": {
    "2025-10-24_05:50": {
      "position_id": 2737528582,
      "date": "24-10-2025",
      "trade_number": 1,
      "entry_time": "05:50",
      "entry_price": 4127.565,
      "sl_price": 4129.565,
      "tp_price": 4121.565,
      "lot_size": 0.1,
      "side": "SELL",
      "tag": "2025-10-24_05:50",
      "trade_outcome": "LOSS",
      "pnl": -20.0,
      "exit_time": "05:57",
      "account_balance": 980.75,
      "status": "CLOSED"
    },
    "2025-10-24_06:30": {
      "position_id": 2737707007,
      "date": "24-10-2025",
      "trade_number": 2,
      "entry_time": "06:30",
      "entry_price": 4133.685,
      "sl_price": 4131.685,
      "tp_price": 4139.685,
      "lot_size": 0.09,
      "side": "BUY",
      "tag": "2025-10-24_06:30",
      "trade_outcome": "LOSS",
      "pnl": -18.0,
      "exit_time": "06:30",
      "account_balance": 962.75,
      "status": "CLOSED"
    },
    "2025-10-24_08:05": {
      "position_id": 2738382613,
      "date": "24-10-2025",
      "trade_number": 3,
      "entry_time": "08:05",
      "entry_price": 4115.95,
      "sl_price": 4113.95,
      "tp_price": 4121.95,
      "lot_size": 0.09,
      "side": "BUY",
      "tag": "2025-10-24_08:05",
      "trade_outcome": "LOSS",
      "pnl": -18.0,
      "exit_time": "08:08",
      "account_balance": 944.75,
      "status": "CLOSED"
    },
    "2025-10-24_08:55": {
      "position_id": 2738758408,
      "date": "24-10-2025",
      "trade_number": 4,
      "entry_time": "08:55",
      "entry_price": 4113.642,
      "sl_price": 4111.642,
      "tp_price": 4119.642,
      "lot_size": 0.09,
      "side": "BUY",
      "tag": "2025-10-24_08:55",
      "trade_outcome": "PROFIT",
      "pnl": 54.0,
      "exit_time": "09:18",
      "account_balance": 998.75,
      "status": "CLOSED"
    },
    "2025-10-24_09:25": {
      "position_id": 2738909733,
      "date": "24-10-2025",
      "trade_number": 5,
      "entry_time": "09:25",
      "entry_price": 4122.072,
      "sl_price": 4120.072,
      "tp_price": 4128.072,
      "lot_size": 0.09,
      "side": "BUY",
      "tag": "2025-10-24_09:25",
      "trade_outcome": "LOSS",
      "pnl": -18.0,
      "exit_time": "09:32",
      "account_balance": 980.75,
      "status": "CLOSED"
    },
    "2025-10-24_09:45": {
      "position_id": 2739026586,
      "date": "24-10-2025",
      "trade_number": 6,
      "entry_time": "09:45",
      "entry_price": 4116.512,
      "sl_price": 4118.512,
      "tp_price": 4110.512,
      "lot_size": 0.09,
      "side": "SELL",
      "tag": "2025-10-24_09:45",
      "trade_outcome": "PROFIT",
      "pnl": 54.0,
      "exit_time": "09:50",
      "account_balance": 1034.75,
      "status": "CLOSED"
    },
    "2025-10-24_10:05": {
      "position_id": 2739230607,
      "date": "24-10-2025",
      "trade_number": 7,
      "entry_time": "10:05",
      "entry_price": 4105.022,
      "sl_price": 4107.022,
      "tp_price": 4099.022,
      "lot_size": 0.1,
      "side": "SELL",
      "tag": "2025-10-24_10:05",
      "trade_outcome": "LOSS",
      "pnl": -20.0,
      "exit_time": "10:09",
      "account_balance": 1014.75,
      "status": "CLOSED"
    },
    "2025-10-24_10:35": {
      "position_id": 2739439980,
      "date": "24-10-2025",
      "trade_number": 8,
      "entry_time": "10:35",
      "entry_price": 4116.996,
      "sl_price": 4114.996,
      "tp_price": 4122.996,
      "lot_size": 0.1,
      "side": "BUY",
      "tag": "2025-10-24_10:35",
      "trade_outcome": "LOSS",
      "pnl": -20.0,
      "exit_time": "10:36",
      "account_balance": 994.75,
      "status": "CLOSED"
    },
    "2025-10-24_18:30": {
      "position_id": 2743831174,
      "date": "24-10-2025",
      "trade_number": 9,
      "entry_time": "18:30",
      "entry_price": 4084.401,
      "sl_price": 4082.401,
      "tp_price": 4090.401,
      "lot_size": 0.09,
      "side": "BUY",
      "tag": "2025-10-24_18:30",
      "trade_outcome": "LOSS",
      "pnl": -18.0,
      "exit_time": "18:30",
      "account_balance": 976.75,
      "status": "CLOSED"
    },
    "2025-10-24_18:35": {
      "position_id": 2743925078,
      "date": "24-10-2025",
      "trade_number": 10,
      "entry_time": "18:35",
      "entry_price": 4089.831,
      "sl_price": 4087.831,
      "tp_price": 4095.831,
      "lot_size": 0.09,
      "side": "BUY",
      "tag": "2025-10-24_18:35",
      "trade_outcome": "PROFIT",
      "pnl": 54.0,
      "exit_time": "18:36",
      "account_balance": 1030.75,
      "status": "CLOSED"
    },
    "2025-10-24_19:00": {
      "position_id": 2744355506,
      "date": "24-10-2025",
      "trade_number": 11,
      "entry_time": "19:00",
      "entry_price": 4112.539,
      "sl_price": 4114.539,
      "tp_price": 4106.539,
      "lot_size": 0.1,
      "side": "SELL",
      "tag": "2025-10-24_19:00",
      "trade_outcome": "LOSS",
      "pnl": -20.0,
      "exit_time": "19:02",
      "account_balance": 1010.75,
      "status": "CLOSED"
    },
    "2025-10-24_19:05": {
      "position_id": 2744440262,
      "date": "24-10-2025",
      "trade_number": 12,
      "entry_time": "19:05",
      "entry_price": 4118.099,
      "sl_price": 4116.099,
      "tp_price": 4124.099,
      "lot_size": 0.1,
      "side": "BUY",
      "tag": "2025-10-24_19:05",
      "trade_outcome": "LOSS",
      "pnl": -20.0,
      "exit_time": "19:05",
      "account_balance": 990.75,
      "status": "CLOSED"
    },
    "2025-10-24_19:30": {
      "position_id": 2744762460,
      "date": "24-10-2025",
      "trade_number": 13,
      "entry_time": "19:30",
      "entry_price": 4106.931,
      "sl_price": 4108.931,
      "tp_price": 4100.931,
      "lot_size": 0.09,
      "side": "SELL",
      "tag": "2025-10-24_19:30",
      "trade_outcome": "LOSS",
      "pnl": -18.0,
      "exit_time": "19:34",
      "account_balance": 972.75,
      "status": "CLOSED"
    },
    "2025-10-24_19:35": {
      "position_id": 2744823564,
      "date": "24-10-2025",
      "trade_number": 14,
      "entry_time": "19:35",
      "entry_price": 4108.352,
      "sl_price": 4106.352,
      "tp_price": 4114.352,
      "lot_size": 0.09,
      "side": "BUY",
      "tag": "2025-10-24_19:35",
      "trade_outcome": "PROFIT",
      "pnl": 54.0,
      "exit_time": "19:36",
      "account_balance": 1026.75,
      "status": "CLOSED"
    },
    "2025-10-24_19:45": {
      "position_id": 2745007377,
      "date": "24-10-2025",
      "trade_number": 15,
      "entry_time": "19:45",
      "entry_price": 4130.515,
      "sl_price": 4128.515,
      "tp_price": 4136.515,
      "lot_size": 0.1,
      "side": "BUY",
      "tag": "2025-10-24_19:45",
      "trade_outcome": "LOSS",
      "pnl": -21.59,
      "exit_time": "19:45",
      "account_balance": 1005.16,
      "status": "CLOSED"
    },
    "2025-10-24_20:05": {
      "position_id": 2745290106,
      "date": "24-10-2025",
      "trade_number": 16,
      "entry_time": "20:05",
      "entry_price": 4126.484,
      "sl_price": 4124.484,
      "tp_price": 4132.484,
      "lot_size": 0.1,
      "side": "BUY",
      "tag": "2025-10-24_20:05",
      "trade_outcome": "LOSS",
      "pnl": -20.0,
      "exit_time": "20:05",
      "account_balance": 985.16,
      "status": "CLOSED"
    },
    "2025-10-24_20:30": {
      "position_id": 2745587482,
      "date": "24-10-2025",
      "trade_number": 17,
      "entry_time": "20:30",
      "entry_price": 4117.635,
      "sl_price": 4119.635,
      "tp_price": 4111.635,
      "lot_size": 0.09,
      "side": "SELL",
      "tag": "2025-10-24_20:30",
      "trade_outcome": "LOSS",
      "pnl": -23.74,
      "exit_time": "20:34",
      "account_balance": 961.42,
      "status": "CLOSED"
    },
    "2025-10-24_20:35": {
      "position_id": 2745642046,
      "date": "24-10-2025",
      "trade_number": 18,
      "entry_time": "20:35",
      "entry_price": 4120.981,
      "sl_price": 4118.981,
      "tp_price": 4126.981,
      "lot_size": 0.09,
      "side": "BUY",
      "tag": "2025-10-24_20:35",
      "trade_outcome": "LOSS",
      "pnl": -18.0,
      "exit_time": "20:36",
      "account_balance": 943.42,
      "status": "CLOSED"
    }
  }
}