{
  "date": "2025-10-31",
  "ticks": {
    "05:45": {
      "price": 4020.253,
      "source": "backfill_mt5",
      "captured_at": "2025-10-31T10:37:00.140070+05:30",
      "updates": []
    },
    "06:25": {
      "price": 4024.715,
      "source": "backfill_mt5",
      "captured_at": "2025-10-31T10:37:00.166057+05:30",
      "updates": []
    },
    "08:00": {
      "price": 4038.012,
      "source": "backfill_mt5",
      "captured_at": "2025-10-31T10:37:00.195380+05:30",
      "updates": []
    },
    "08:50": {
      "price": 4040.45,
      "source": "backfill_mt5",
      "captured_at": "2025-10-31T10:37:00.219829+05:30",
      "updates": []
    },
    "09:20": {
      "price": 4032.294,
      "source": "backfill_mt5",
      "captured_at": "2025-10-31T10:37:00.245733+05:30",
      "updates": []
    },
    "09:40": {
      "price": 4026.475,
      "source": "backfill_mt5",
      "captured_at": "2025-10-31T10:37:00.268673+05:30",
      "updates": []
    },
    "10:00": {
      "price": 4025.344,
      "source": "backfill_mt5",
      "captured_at": "2025-10-31T10:37:00.291709+05:30",
      "updates": []
    },
    "10:30": {
      "price": 4030.89,
      "source": "backfill_mt5",
      "captured_at": "2025-10-31T10:37:00.310746+05:30",
      "updates": []
    },
    "18:25": {
      "price": 4025.188,
      "source": "live_update",
      "captured_at": "2025-10-31T18:25:00.102448+05:30",
      "updates": [
        {
          "old_price": 4026.2380000000003,
          "new_price": 4025.9449999999997,
          "timestamp": "2025-10-31T18:25:00.238721+05:30"
        },
        {
          "old_price": 4025.9449999999997,
          "new_price": 4025.95,
          "timestamp": "2025-10-31T18:25:00.363741+05:30"
        },
        {
          "old_price": 4025.95,
          "new_price": 4025.8450000000003,
          "timestamp": "2025-10-31T18:25:00.487645+05:30"
        },
        {
          "old_price": 4025.8450000000003,
          "new_price": 4025.785,
          "timestamp": "2025-10-31T18:25:00.608108+05:30"
        },
        {
          "old_price": 4025.785,
          "new_price": 4025.648,
          "timestamp": "2025-10-31T18:25:00.929313+05:30"
        },
        {
          "old_price": 4025.648,
          "new_price": 4025.591,
          "timestamp": "2025-10-31T18:25:01.046355+05:30"
        },
        {
          "old_price": 4025.591,
          "new_price": 4025.55,
          "timestamp": "2025-10-31T18:25:01.176508+05:30"
        },
        {
          "old_price": 4025.55,
          "new_price": 4025.389,
          "timestamp": "2025-10-31T18:25:01.309942+05:30"
        },
        {
          "old_price": 4025.389,
          "new_price": 4025.301,
          "timestamp": "2025-10-31T18:25:01.452103+05:30"
        },
        {
          "old_price": 4025.301,
          "new_price": 4025.277,
          "timestamp": "2025-10-31T18:25:01.598532+05:30"
        },
        {
          "old_price": 4025.277,
          "new_price": 4025.158,
          "timestamp": "2025-10-31T18:25:01.857820+05:30"
        },
        {
          "old_price": 4025.158,
          "new_price": 4025.0299999999997,
          "timestamp": "2025-10-31T18:25:02.002121+05:30"
        },
        {
          "old_price": 4025.0299999999997,
          "new_price": 4025.156,
          "timestamp": "2025-10-31T18:25:02.264010+05:30"
        },
        {
          "old_price": 4025.156,
          "new_price": 4025.237,
          "timestamp": "2025-10-31T18:25:02.466016+05:30"
        },
        {
          "old_price": 4025.237,
          "new_price": 4025.145,
          "timestamp": "2025-10-31T18:25:02.625256+05:30"
        },
        {
          "old_price": 4025.145,
          "new_price": 4025.188,
          "timestamp": "2025-10-31T18:25:03.047779+05:30"
        }
      ]
    },
    "18:30": {
      "price": 4021.976,
      "source": "live_update",
      "captured_at": "2025-10-31T18:30:00.071977+05:30",
      "updates": [
        {
          "old_price": 4023.127,
          "new_price": 4023.093,
          "timestamp": "2025-10-31T18:30:00.216517+05:30"
        },
        {
          "old_price": 4023.093,
          "new_price": 4022.267,
          "timestamp": "2025-10-31T18:30:00.482274+05:30"
        },
        {
          "old_price": 4022.267,
          "new_price": 4022.506,
          "timestamp": "2025-10-31T18:30:00.803222+05:30"
        },
        {
          "old_price": 4022.506,
          "new_price": 4022.182,
          "timestamp": "2025-10-31T18:30:01.039027+05:30"
        },
        {
          "old_price": 4022.182,
          "new_price": 4021.7709999999997,
          "timestamp": "2025-10-31T18:30:01.296616+05:30"
        },
        {
          "old_price": 4021.7709999999997,
          "new_price": 4021.682,
          "timestamp": "2025-10-31T18:30:01.437974+05:30"
        },
        {
          "old_price": 4021.682,
          "new_price": 4021.368,
          "timestamp": "2025-10-31T18:30:01.574276+05:30"
        },
        {
          "old_price": 4021.368,
          "new_price": 4021.428,
          "timestamp": "2025-10-31T18:30:01.767604+05:30"
        },
        {
          "old_price": 4021.428,
          "new_price": 4021.26,
          "timestamp": "2025-10-31T18:30:02.227491+05:30"
        },
        {
          "old_price": 4021.26,
          "new_price": 4021.701,
          "timestamp": "2025-10-31T18:30:02.534686+05:30"
        },
        {
          "old_price": 4021.701,
          "new_price": 4021.708,
          "timestamp": "2025-10-31T18:30:02.780923+05:30"
        },
        {
          "old_price": 4021.708,
          "new_price": 4021.976,
          "timestamp": "2025-10-31T18:30:02.945718+05:30"
        }
      ]
    },
    "18:55": {
      "price": 4031.456,
      "source": "live_update",
      "captured_at": "2025-10-31T18:55:00.090197+05:30",
      "updates": [
        {
          "old_price": 4031.141,
          "new_price": 4031.0789999999997,
          "timestamp": "2025-10-31T18:55:00.408488+05:30"
        },
        {
          "old_price": 4031.0789999999997,
          "new_price": 4031.236,
          "timestamp": "2025-10-31T18:55:00.726742+05:30"
        },
        {
          "old_price": 4031.236,
          "new_price": 4031.548,
          "timestamp": "2025-10-31T18:55:00.845268+05:30"
        },
        {
          "old_price": 4031.548,
          "new_price": 4031.4629999999997,
          "timestamp": "2025-10-31T18:55:01.433329+05:30"
        },
        {
          "old_price": 4031.4629999999997,
          "new_price": 4031.35,
          "timestamp": "2025-10-31T18:55:01.569791+05:30"
        },
        {
          "old_price": 4031.35,
          "new_price": 4031.38,
          "timestamp": "2025-10-31T18:55:01.719605+05:30"
        },
        {
          "old_price": 4031.38,
          "new_price": 4031.297,
          "timestamp": "2025-10-31T18:55:02.773589+05:30"
        },
        {
          "old_price": 4031.297,
          "new_price": 4031.456,
          "timestamp": "2025-10-31T18:55:03.021294+05:30"
        }
      ]
    },
    "19:00": {
      "price": 4026.982,
      "source": "live_update",
      "captured_at": "2025-10-31T19:00:00.085300+05:30",
      "updates": [
        {
          "old_price": 4026.775,
          "new_price": 4027.124,
          "timestamp": "2025-10-31T19:00:00.217031+05:30"
        },
        {
          "old_price": 4027.124,
          "new_price": 4027.652,
          "timestamp": "2025-10-31T19:00:00.500611+05:30"
        },
        {
          "old_price": 4027.652,
          "new_price": 4028.624,
          "timestamp": "2025-10-31T19:00:00.617631+05:30"
        },
        {
          "old_price": 4028.624,
          "new_price": 4028.968,
          "timestamp": "2025-10-31T19:00:00.734809+05:30"
        },
        {
          "old_price": 4028.968,
          "new_price": 4028.9120000000003,
          "timestamp": "2025-10-31T19:00:00.851282+05:30"
        },
        {
          "old_price": 4028.9120000000003,
          "new_price": 4028.2960000000003,
          "timestamp": "2025-10-31T19:00:00.968481+05:30"
        },
        {
          "old_price": 4028.2960000000003,
          "new_price": 4028.241,
          "timestamp": "2025-10-31T19:00:01.098298+05:30"
        },
        {
          "old_price": 4028.241,
          "new_price": 4027.9120000000003,
          "timestamp": "2025-10-31T19:00:01.289432+05:30"
        },
        {
          "old_price": 4027.9120000000003,
          "new_price": 4027.699,
          "timestamp": "2025-10-31T19:00:01.431209+05:30"
        },
        {
          "old_price": 4027.699,
          "new_price": 4027.75,
          "timestamp": "2025-10-31T19:00:01.663506+05:30"
        },
        {
          "old_price": 4027.75,
          "new_price": 4027.464,
          "timestamp": "2025-10-31T19:00:02.107140+05:30"
        },
        {
          "old_price": 4027.464,
          "new_price": 4027.163,
          "timestamp": "2025-10-31T19:00:02.443813+05:30"
        },
        {
          "old_price": 4027.163,
          "new_price": 4026.987,
          "timestamp": "2025-10-31T19:00:02.620525+05:30"
        },
        {
          "old_price": 4026.987,
          "new_price": 4027.0299999999997,
          "timestamp": "2025-10-31T19:00:02.770980+05:30"
        },
        {
          "old_price": 4027.0299999999997,
          "new_price": 4026.982,
          "timestamp": "2025-10-31T19:00:03.008128+05:30"
        }
      ]
    },
    "19:25": {
      "price": 4013.2780000000002,
      "source": "live_update",
      "captured_at": "2025-10-31T19:25:00.054058+05:30",
      "updates": [
        {
          "old_price": 4014.563,
          "new_price": 4014.392,
          "timestamp": "2025-10-31T19:25:00.175664+05:30"
        },
        {
          "old_price": 4014.392,
          "new_price": 4014.639,
          "timestamp": "2025-10-31T19:25:00.391656+05:30"
        },
        {
          "old_price": 4014.639,
          "new_price": 4014.133,
          "timestamp": "2025-10-31T19:25:00.509717+05:30"
        },
        {
          "old_price": 4014.133,
          "new_price": 4014.093,
          "timestamp": "2025-10-31T19:25:00.627500+05:30"
        },
        {
          "old_price": 4014.093,
          "new_price": 4013.933,
          "timestamp": "2025-10-31T19:25:00.846850+05:30"
        },
        {
          "old_price": 4013.933,
          "new_price": 4014.04,
          "timestamp": "2025-10-31T19:25:00.963052+05:30"
        },
        {
          "old_price": 4014.04,
          "new_price": 4014.23,
          "timestamp": "2025-10-31T19:25:01.092091+05:30"
        },
        {
          "old_price": 4014.23,
          "new_price": 4014.427,
          "timestamp": "2025-10-31T19:25:01.224885+05:30"
        },
        {
          "old_price": 4014.427,
          "new_price": 4014.478,
          "timestamp": "2025-10-31T19:25:01.571690+05:30"
        },
        {
          "old_price": 4014.478,
          "new_price": 4014.527,
          "timestamp": "2025-10-31T19:25:01.714322+05:30"
        },
        {
          "old_price": 4014.527,
          "new_price": 4014.625,
          "timestamp": "2025-10-31T19:25:02.341990+05:30"
        },
        {
          "old_price": 4014.625,
          "new_price": 4013.667,
          "timestamp": "2025-10-31T19:25:02.497052+05:30"
        },
        {
          "old_price": 4013.667,
          "new_price": 4013.773,
          "timestamp": "2025-10-31T19:25:02.650923+05:30"
        },
        {
          "old_price": 4013.773,
          "new_price": 4013.476,
          "timestamp": "2025-10-31T19:25:02.801314+05:30"
        },
        {
          "old_price": 4013.476,
          "new_price": 4013.2780000000002,
          "timestamp": "2025-10-31T19:25:02.936152+05:30"
        }
      ]
    },
    "19:30": {
      "price": 4016.952,
      "source": "live_update",
      "captured_at": "2025-10-31T19:30:00.134430+05:30",
      "updates": [
        {
          "old_price": 4016.602,
          "new_price": 4016.862,
          "timestamp": "2025-10-31T19:30:00.263422+05:30"
        },
        {
          "old_price": 4016.862,
          "new_price": 4016.8199999999997,
          "timestamp": "2025-10-31T19:30:00.387367+05:30"
        },
        {
          "old_price": 4016.8199999999997,
          "new_price": 4016.929,
          "timestamp": "2025-10-31T19:30:00.659025+05:30"
        },
        {
          "old_price": 4016.929,
          "new_price": 4016.959,
          "timestamp": "2025-10-31T19:30:01.288928+05:30"
        },
        {
          "old_price": 4016.959,
          "new_price": 4016.678,
          "timestamp": "2025-10-31T19:30:01.656975+05:30"
        },
        {
          "old_price": 4016.678,
          "new_price": 4016.808,
          "timestamp": "2025-10-31T19:30:01.817443+05:30"
        },
        {
          "old_price": 4016.808,
          "new_price": 4016.7129999999997,
          "timestamp": "2025-10-31T19:30:02.382297+05:30"
        },
        {
          "old_price": 4016.7129999999997,
          "new_price": 4016.952,
          "timestamp": "2025-10-31T19:30:02.646837+05:30"
        }
      ]
    },
    "19:40": {
      "price": 4022.4120000000003,
      "source": "live_update",
      "captured_at": "2025-10-31T19:40:00.074912+05:30",
      "updates": [
        {
          "old_price": 4021.385,
          "new_price": 4021.346,
          "timestamp": "2025-10-31T19:40:00.402376+05:30"
        },
        {
          "old_price": 4021.346,
          "new_price": 4021.071,
          "timestamp": "2025-10-31T19:40:00.527649+05:30"
        },
        {
          "old_price": 4021.071,
          "new_price": 4021.117,
          "timestamp": "2025-10-31T19:40:00.648165+05:30"
        },
        {
          "old_price": 4021.117,
          "new_price": 4021.087,
          "timestamp": "2025-10-31T19:40:00.877303+05:30"
        },
        {
          "old_price": 4021.087,
          "new_price": 4021.6530000000002,
          "timestamp": "2025-10-31T19:40:01.616637+05:30"
        },
        {
          "old_price": 4021.6530000000002,
          "new_price": 4022.056,
          "timestamp": "2025-10-31T19:40:01.874735+05:30"
        },
        {
          "old_price": 4022.056,
          "new_price": 4022.624,
          "timestamp": "2025-10-31T19:40:02.046247+05:30"
        },
        {
          "old_price": 4022.624,
          "new_price": 4022.447,
          "timestamp": "2025-10-31T19:40:02.234285+05:30"
        },
        {
          "old_price": 4022.447,
          "new_price": 4022.532,
          "timestamp": "2025-10-31T19:40:02.410967+05:30"
        },
        {
          "old_price": 4022.532,
          "new_price": 4022.041,
          "timestamp": "2025-10-31T19:40:02.585079+05:30"
        },
        {
          "old_price": 4022.041,
          "new_price": 4022.4120000000003,
          "timestamp": "2025-10-31T19:40:02.870188+05:30"
        }
      ]
    },
    "20:00": {
      "price": 4014.944,
      "source": "live_update",
      "captured_at": "2025-10-31T20:00:00.060156+05:30",
      "updates": [
        {
          "old_price": 4015.687,
          "new_price": 4015.756,
          "timestamp": "2025-10-31T20:00:00.189557+05:30"
        },
        {
          "old_price": 4015.756,
          "new_price": 4015.505,
          "timestamp": "2025-10-31T20:00:00.311478+05:30"
        },
        {
          "old_price": 4015.505,
          "new_price": 4015.112,
          "timestamp": "2025-10-31T20:00:00.436864+05:30"
        },
        {
          "old_price": 4015.112,
          "new_price": 4015.081,
          "timestamp": "2025-10-31T20:00:00.561587+05:30"
        },
        {
          "old_price": 4015.081,
          "new_price": 4014.9790000000003,
          "timestamp": "2025-10-31T20:00:00.790234+05:30"
        },
        {
          "old_price": 4014.9790000000003,
          "new_price": 4015.026,
          "timestamp": "2025-10-31T20:00:00.929449+05:30"
        },
        {
          "old_price": 4015.026,
          "new_price": 4015.001,
          "timestamp": "2025-10-31T20:00:01.158990+05:30"
        },
        {
          "old_price": 4015.001,
          "new_price": 4014.974,
          "timestamp": "2025-10-31T20:00:01.425664+05:30"
        },
        {
          "old_price": 4014.974,
          "new_price": 4014.833,
          "timestamp": "2025-10-31T20:00:01.567473+05:30"
        },
        {
          "old_price": 4014.833,
          "new_price": 4014.734,
          "timestamp": "2025-10-31T20:00:01.858982+05:30"
        },
        {
          "old_price": 4014.734,
          "new_price": 4014.566,
          "timestamp": "2025-10-31T20:00:02.043753+05:30"
        },
        {
          "old_price": 4014.566,
          "new_price": 4014.773,
          "timestamp": "2025-10-31T20:00:02.409066+05:30"
        },
        {
          "old_price": 4014.773,
          "new_price": 4014.9,
          "timestamp": "2025-10-31T20:00:02.595284+05:30"
        },
        {
          "old_price": 4014.9,
          "new_price": 4014.944,
          "timestamp": "2025-10-31T20:00:02.923278+05:30"
        }
      ]
    },
    "20:25": {
      "price": 4019.591,
      "source": "live_update",
      "captured_at": "2025-10-31T20:25:00.062307+05:30",
      "updates": [
        {
          "old_price": 4019.55,
          "new_price": 4019.52,
          "timestamp": "2025-10-31T20:25:00.187247+05:30"
        },
        {
          "old_price": 4019.52,
          "new_price": 4019.4719999999998,
          "timestamp": "2025-10-31T20:25:00.310400+05:30"
        },
        {
          "old_price": 4019.4719999999998,
          "new_price": 4019.518,
          "timestamp": "2025-10-31T20:25:00.428610+05:30"
        },
        {
          "old_price": 4019.518,
          "new_price": 4019.6,
          "timestamp": "2025-10-31T20:25:00.548831+05:30"
        },
        {
          "old_price": 4019.6,
          "new_price": 4019.407,
          "timestamp": "2025-10-31T20:25:00.869489+05:30"
        },
        {
          "old_price": 4019.407,
          "new_price": 4019.3779999999997,
          "timestamp": "2025-10-31T20:25:00.988352+05:30"
        },
        {
          "old_price": 4019.3779999999997,
          "new_price": 4019.407,
          "timestamp": "2025-10-31T20:25:01.114507+05:30"
        },
        {
          "old_price": 4019.407,
          "new_price": 4019.494,
          "timestamp": "2025-10-31T20:25:01.384758+05:30"
        },
        {
          "old_price": 4019.494,
          "new_price": 4019.527,
          "timestamp": "2025-10-31T20:25:01.561656+05:30"
        },
        {
          "old_price": 4019.527,
          "new_price": 4019.562,
          "timestamp": "2025-10-31T20:25:01.933158+05:30"
        },
        {
          "old_price": 4019.562,
          "new_price": 4019.591,
          "timestamp": "2025-10-31T20:25:02.601414+05:30"
        }
      ]
    },
    "20:30": {
      "price": 4020.131,
      "source": "live_update",
      "captured_at": "2025-10-31T20:30:00.087105+05:30",
      "updates": [
        {
          "old_price": 4020.648,
          "new_price": 4020.809,
          "timestamp": "2025-10-31T20:30:00.215871+05:30"
        },
        {
          "old_price": 4020.809,
          "new_price": 4021.0,
          "timestamp": "2025-10-31T20:30:00.505990+05:30"
        },
        {
          "old_price": 4021.0,
          "new_price": 4020.8630000000003,
          "timestamp": "2025-10-31T20:30:00.627024+05:30"
        },
        {
          "old_price": 4020.8630000000003,
          "new_price": 4020.839,
          "timestamp": "2025-10-31T20:30:00.746596+05:30"
        },
        {
          "old_price": 4020.839,
          "new_price": 4020.806,
          "timestamp": "2025-10-31T20:30:00.969810+05:30"
        },
        {
          "old_price": 4020.806,
          "new_price": 4020.489,
          "timestamp": "2025-10-31T20:30:01.424251+05:30"
        },
        {
          "old_price": 4020.489,
          "new_price": 4020.3,
          "timestamp": "2025-10-31T20:30:01.627856+05:30"
        },
        {
          "old_price": 4020.3,
          "new_price": 4020.19,
          "timestamp": "2025-10-31T20:30:02.374014+05:30"
        },
        {
          "old_price": 4020.19,
          "new_price": 4020.161,
          "timestamp": "2025-10-31T20:30:02.559588+05:30"
        },
        {
          "old_price": 4020.161,
          "new_price": 4020.131,
          "timestamp": "2025-10-31T20:30:02.954583+05:30"
        }
      ]
    }
  },
  "metadata": {
    "last_updated": "2025-10-31T20:30:02.956564+05:30",
    "total_ticks": 18
  }
}