{
  "date": "2025-11-01",
  "ticks": {
    "05:45": {
      "price": 4001.701,
      "source": "live",
      "captured_at": "2025-11-01T05:45:00.035282+05:30",
      "updates": []
    },
    "06:25": {
      "price": 4001.701,
      "source": "live",
      "captured_at": "2025-11-01T06:25:00.054569+05:30",
      "updates": []
    },
    "08:00": {
      "price": 4001.701,
      "source": "live",
      "captured_at": "2025-11-01T08:00:00.112434+05:30",
      "updates": []
    },
    "08:50": {
      "price": 4001.701,
      "source": "live",
      "captured_at": "2025-11-01T08:50:00.114318+05:30",
      "updates": []
    },
    "09:20": {
      "price": 4001.701,
      "source": "live",
      "captured_at": "2025-11-01T09:20:00.067734+05:30",
      "updates": []
    },
    "09:40": {
      "price": 4001.701,
      "source": "live",
      "captured_at": "2025-11-01T09:40:00.178710+05:30",
      "updates": []
    },
    "10:00": {
      "price": 4001.701,
      "source": "live",
      "captured_at": "2025-11-01T10:00:00.077992+05:30",
      "updates": []
    },
    "10:30": {
      "price": 4001.701,
      "source": "live",
      "captured_at": "2025-11-01T10:30:00.072850+05:30",
      "updates": []
    },
    "18:25": {
      "price": 4001.701,
      "source": "live",
      "captured_at": "2025-11-01T18:25:00.088778+05:30",
      "updates": []
    },
    "18:30": {
      "price": 4001.701,
      "source": "live",
      "captured_at": "2025-11-01T18:30:00.063330+05:30",
      "updates": []
    },
    "18:55": {
      "price": 4001.701,
      "source": "live",
      "captured_at": "2025-11-01T18:55:00.094146+05:30",
      "updates": []
    },
    "19:00": {
      "price": 4001.701,
      "source": "live",
      "captured_at": "2025-11-01T19:00:00.122875+05:30",
      "updates": []
    },
    "19:25": {
      "price": 4001.701,
      "source": "live",
      "captured_at": "2025-11-01T19:25:00.090741+05:30",
      "updates": []
    },
    "19:30": {
      "price": 4001.701,
      "source": "live",
      "captured_at": "2025-11-01T19:30:00.064017+05:30",
      "updates": []
    },
    "19:40": {
      "price": 4001.701,
      "source": "live",
      "captured_at": "2025-11-01T19:40:00.050162+05:30",
      "updates": []
    },
    "20:00": {
      "price": 4001.701,
      "source": "live",
      "captured_at": "2025-11-01T20:00:00.091178+05:30",
      "updates": []
    },
    "20:25": {
      "price": 4001.701,
      "source": "live",
      "captured_at": "2025-11-01T20:25:00.098084+05:30",
      "updates": []
    },
    "20:30": {
      "price": 4001.701,
      "source": "live",
      "captured_at": "2025-11-01T20:30:00.085113+05:30",
      "updates": []
    }
  },
  "metadata": {
    "last_updated": "2025-11-01T20:30:00.085240+05:30",
    "total_ticks": 18
  }
}