{
  "date": "20-10-2025",
  "opening_balance": 654.57,
  "closing_balance": 679.21,
  "trades": {
    "2025-10-20_05:50": {
      "position_id": 2686528257,
      "date": "20-10-2025",
      "trade_number": 1,
      "entry_time": "05:50",
      "entry_price": 4232.2,
      "sl_price": 4230.2,
      "tp_price": 4238.2,
      "lot_size": 0.06,
      "side": "BUY",
      "tag": "2025-10-20_05:50",
      "trade_outcome": "LOSS",
      "pnl": -12.0,
      "exit_time": "05:54",
      "account_balance": 642.57,
      "status": "CLOSED"
    },
    "2025-10-20_06:30": {
      "position_id": 2686824801,
      "date": "20-10-2025",
      "trade_number": 2,
      "entry_time": "06:30",
      "entry_price": 4249.679,
      "sl_price": 4247.679,
      "tp_price": 4255.679,
      "lot_size": 0.06,
      "side": "BUY",
      "tag": "2025-10-20_06:30",
      "trade_outcome": "LOSS",
      "pnl": -12.0,
      "exit_time": "06:30",
      "account_balance": 630.57,
      "status": "CLOSED"
    },
    "2025-10-20_08:55": {
      "position_id": 2687896610,
      "date": "20-10-2025",
      "trade_number": 3,
      "entry_time": "08:55",
      "entry_price": 4261.59,
      "sl_price": 4259.59,
      "tp_price": 4267.59,
      "lot_size": 0.06,
      "side": "BUY",
      "tag": "2025-10-20_08:55",
      "trade_outcome": "LOSS",
      "pnl": -12.0,
      "exit_time": "08:57",
      "account_balance": 618.57,
      "status": "CLOSED"
    },
    "2025-10-20_09:25": {
      "position_id": 2688136634,
      "date": "20-10-2025",
      "trade_number": 4,
      "entry_time": "09:25",
      "entry_price": 4264.787,
      "sl_price": 4262.787,
      "tp_price": 4270.787,
      "lot_size": 0.06,
      "side": "BUY",
      "tag": "2025-10-20_09:25",
      "trade_outcome": "LOSS",
      "pnl": -12.0,
      "exit_time": "09:33",
      "account_balance": 606.57,
      "status": "CLOSED"
    },
    "2025-10-20_09:45": {
      "position_id": 2688262224,
      "date": "20-10-2025",
      "trade_number": 5,
      "entry_time": "09:45",
      "entry_price": 4261.864,
      "sl_price": 4263.864,
      "tp_price": 4255.864,
      "lot_size": 0.06,
      "side": "SELL",
      "tag": "2025-10-20_09:45",
      "trade_outcome": "LOSS",
      "pnl": -12.0,
      "exit_time": "09:47",
      "account_balance": 594.57,
      "status": "CLOSED"
    },
    "2025-10-20_10:05": {
      "position_id": 2688371049,
      "date": "20-10-2025",
      "trade_number": 6,
      "entry_time": "10:05",
      "entry_price": 4262.627,
      "sl_price": 4264.627,
      "tp_price": 4256.627,
      "lot_size": 0.05,
      "side": "SELL",
      "tag": "2025-10-20_10:05",
      "trade_outcome": "LOSS",
      "pnl": -10.0,
      "exit_time": "10:08",
      "account_balance": 584.57,
      "status": "CLOSED"
    },
    "2025-10-20_10:35": {
      "position_id": 2688508263,
      "date": "20-10-2025",
      "trade_number": 7,
      "entry_time": "10:35",
      "entry_price": 4264.734,
      "sl_price": 4266.734,
      "tp_price": 4258.734,
      "lot_size": 0.05,
      "side": "SELL",
      "tag": "2025-10-20_10:35",
      "trade_outcome": "PROFIT",
      "pnl": 30.0,
      "exit_time": "10:43",
      "account_balance": 614.57,
      "status": "CLOSED"
    },
    "2025-10-20_18:30": {
      "position_id": 2693018676,
      "date": "20-10-2025",
      "trade_number": 8,
      "entry_time": "18:30",
      "entry_price": 4320.982,
      "sl_price": 4318.982,
      "tp_price": 4326.982,
      "lot_size": 0.06,
      "side": "BUY",
      "tag": "2025-10-20_18:30",
      "trade_outcome": "LOSS",
      "pnl": -11.72,
      "exit_time": "18:30",
      "account_balance": 602.85,
      "status": "CLOSED"
    },
    "2025-10-20_18:35": {
      "position_id": 2693095719,
      "date": "20-10-2025",
      "trade_number": 9,
      "entry_time": "18:35",
      "entry_price": 4317.203,
      "sl_price": 4319.203,
      "tp_price": 4311.203,
      "lot_size": 0.06,
      "side": "SELL",
      "tag": "2025-10-20_18:35",
      "trade_outcome": "LOSS",
      "pnl": -12.0,
      "exit_time": "18:36",
      "account_balance": 590.85,
      "status": "CLOSED"
    },
    "2025-10-20_19:00": {
      "position_id": 2693401976,
      "date": "20-10-2025",
      "trade_number": 10,
      "entry_time": "19:00",
      "entry_price": 4318.055,
      "sl_price": 4316.055,
      "tp_price": 4324.055,
      "lot_size": 0.05,
      "side": "BUY",
      "tag": "2025-10-20_19:00",
      "trade_outcome": "LOSS",
      "pnl": -10.0,
      "exit_time": "19:00",
      "account_balance": 580.85,
      "status": "CLOSED"
    },
    "2025-10-20_19:05": {
      "position_id": 2693513710,
      "date": "20-10-2025",
      "trade_number": 11,
      "entry_time": "19:05",
      "entry_price": 4309.175,
      "sl_price": 4311.175,
      "tp_price": 4303.175,
      "lot_size": 0.05,
      "side": "SELL",
      "tag": "2025-10-20_19:05",
      "trade_outcome": "LOSS",
      "pnl": -10.0,
      "exit_time": "19:09",
      "account_balance": 570.85,
      "status": "CLOSED"
    },
    "2025-10-20_19:30": {
      "position_id": 2693939218,
      "date": "20-10-2025",
      "trade_number": 12,
      "entry_time": "19:30",
      "entry_price": 4300.499,
      "sl_price": 4302.499,
      "tp_price": 4294.499,
      "lot_size": 0.05,
      "side": "SELL",
      "tag": "2025-10-20_19:30",
      "trade_outcome": "PROFIT",
      "pnl": 30.0,
      "exit_time": "19:31",
      "account_balance": 600.85,
      "status": "CLOSED"
    },
    "2025-10-20_19:35": {
      "position_id": 2694026045,
      "date": "20-10-2025",
      "trade_number": 13,
      "entry_time": "19:35",
      "entry_price": 4296.688,
      "sl_price": 4298.688,
      "tp_price": 4290.688,
      "lot_size": 0.06,
      "side": "SELL",
      "tag": "2025-10-20_19:35",
      "trade_outcome": "LOSS",
      "pnl": -11.64,
      "exit_time": "19:35",
      "account_balance": 589.21,
      "status": "CLOSED"
    },
    "2025-10-20_19:45": {
      "position_id": 2694183289,
      "date": "20-10-2025",
      "trade_number": 14,
      "entry_time": "19:45",
      "entry_price": 4316.8,
      "sl_price": 4314.8,
      "tp_price": 4322.8,
      "lot_size": 0.05,
      "side": "BUY",
      "tag": "2025-10-20_19:45",
      "trade_outcome": "PROFIT",
      "pnl": 30.0,
      "exit_time": "19:45",
      "account_balance": 619.21,
      "status": "CLOSED"
    },
    "2025-10-20_20:05": {
      "position_id": 2694490074,
      "date": "20-10-2025",
      "trade_number": 15,
      "entry_time": "20:05",
      "entry_price": 4320.92,
      "sl_price": 4322.92,
      "tp_price": 4314.92,
      "lot_size": 0.06,
      "side": "SELL",
      "tag": "2025-10-20_20:05",
      "trade_outcome": "LOSS",
      "pnl": -12.0,
      "exit_time": "20:07",
      "account_balance": 607.21,
      "status": "CLOSED"
    },
    "2025-10-20_20:30": {
      "position_id": 2694768590,
      "date": "20-10-2025",
      "trade_number": 16,
      "entry_time": "20:30",
      "entry_price": 4333.043,
      "sl_price": 4331.043,
      "tp_price": 4339.043,
      "lot_size": 0.06,
      "side": "BUY",
      "tag": "2025-10-20_20:30",
      "trade_outcome": "PROFIT",
      "pnl": 36.0,
      "exit_time": "20:33",
      "account_balance": 643.21,
      "status": "CLOSED"
    },
    "2025-10-20_20:35": {
      "position_id": 2694832534,
      "date": "20-10-2025",
      "trade_number": 17,
      "entry_time": "20:35",
      "entry_price": 4338.184,
      "sl_price": 4336.184,
      "tp_price": 4344.184,
      "lot_size": 0.06,
      "side": "BUY",
      "tag": "2025-10-20_20:35",
      "trade_outcome": "PROFIT",
      "pnl": 36.0,
      "exit_time": "20:41",
      "account_balance": 679.21,
      "status": "CLOSED"
    }
  }
}