{
  "date": "21-10-2025",
  "opening_balance": 654.57,
  "closing_balance": 874.85,
  "trades": {
    "2025-10-21_05:50": {
      "position_id": 2697738942,
      "date": "21-10-2025",
      "trade_number": 1,
      "entry_time": "05:50",
      "entry_price": 4361.44,
      "sl_price": 4359.44,
      "tp_price": 4367.44,
      "lot_size": 0.06,
      "side": "BUY",
      "tag": "2025-10-21_05:50",
      "trade_outcome": "PROFIT",
      "pnl": 36.0,
      "exit_time": "05:52",
      "account_balance": 715.21,
      "status": "CLOSED"
    },
    "2025-10-21_06:30": {
      "position_id": 2697933427,
      "date": "21-10-2025",
      "trade_number": 2,
      "entry_time": "06:30",
      "entry_price": 4367.786,
      "sl_price": 4365.786,
      "tp_price": 4373.786,
      "lot_size": 0.07,
      "side": "BUY",
      "tag": "2025-10-21_06:30",
      "trade_outcome": "LOSS",
      "pnl": -14.0,
      "exit_time": "06:30",
      "account_balance": 701.21,
      "status": "CLOSED"
    },
    "2025-10-21_08:05": {
      "position_id": 2698709597,
      "date": "21-10-2025",
      "trade_number": 3,
      "entry_time": "08:05",
      "entry_price": 4343.646,
      "sl_price": 4345.646,
      "tp_price": 4337.646,
      "lot_size": 0.07,
      "side": "SELL",
      "tag": "2025-10-21_08:05",
      "trade_outcome": "PROFIT",
      "pnl": 42.0,
      "exit_time": "08:12",
      "account_balance": 743.21,
      "status": "CLOSED"
    },
    "2025-10-21_08:55": {
      "position_id": 2699058878,
      "date": "21-10-2025",
      "trade_number": 4,
      "entry_time": "08:55",
      "entry_price": 4348.462,
      "sl_price": 4346.462,
      "tp_price": 4354.462,
      "lot_size": 0.07,
      "side": "BUY",
      "tag": "2025-10-21_08:55",
      "trade_outcome": "LOSS",
      "pnl": -14.0,
      "exit_time": "09:20",
      "account_balance": 729.21,
      "status": "CLOSED"
    },
    "2025-10-21_09:25": {
      "position_id": 2699227439,
      "date": "21-10-2025",
      "trade_number": 5,
      "entry_time": "09:25",
      "entry_price": 4347.745,
      "sl_price": 4345.745,
      "tp_price": 4353.745,
      "lot_size": 0.07,
      "side": "BUY",
      "tag": "2025-10-21_09:25",
      "trade_outcome": "LOSS",
      "pnl": -14.0,
      "exit_time": "09:29",
      "account_balance": 715.21,
      "status": "CLOSED"
    },
    "2025-10-21_09:45": {
      "position_id": 2699345759,
      "date": "21-10-2025",
      "trade_number": 6,
      "entry_time": "09:45",
      "entry_price": 4344.567,
      "sl_price": 4346.567,
      "tp_price": 4338.567,
      "lot_size": 0.07,
      "side": "SELL",
      "tag": "2025-10-21_09:45",
      "trade_outcome": "PROFIT",
      "pnl": 42.0,
      "exit_time": "10:21",
      "account_balance": 757.21,
      "status": "CLOSED"
    },
    "2025-10-21_10:05": {
      "position_id": 2699456938,
      "date": "21-10-2025",
      "trade_number": 7,
      "entry_time": "10:05",
      "entry_price": 4342.409,
      "sl_price": 4344.409,
      "tp_price": 4336.409,
      "lot_size": 0.07,
      "side": "SELL",
      "tag": "2025-10-21_10:05",
      "trade_outcome": "LOSS",
      "pnl": -14.0,
      "exit_time": "10:26",
      "account_balance": 743.21,
      "status": "CLOSED"
    },
    "2025-10-21_10:35": {
      "position_id": 2699650874,
      "date": "21-10-2025",
      "trade_number": 8,
      "entry_time": "10:35",
      "entry_price": 4340.552,
      "sl_price": 4342.552,
      "tp_price": 4334.552,
      "lot_size": 0.07,
      "side": "SELL",
      "tag": "2025-10-21_10:35",
      "trade_outcome": "PROFIT",
      "pnl": 42.0,
      "exit_time": "10:38",
      "account_balance": 785.21,
      "status": "CLOSED"
    },
    "2025-10-21_18:30": {
      "position_id": 2705025446,
      "date": "21-10-2025",
      "trade_number": 10,
      "entry_time": "18:30",
      "entry_price": 4210.836,
      "sl_price": 4212.836,
      "tp_price": 4204.836,
      "lot_size": 0.07,
      "side": "SELL",
      "tag": "2025-10-21_18:30",
      "trade_outcome": "PROFIT",
      "pnl": 42.0,
      "exit_time": "18:30",
      "account_balance": 827.21,
      "status": "CLOSED"
    },
    "2025-10-21_18:35": {
      "position_id": 2705166639,
      "date": "21-10-2025",
      "trade_number": 11,
      "entry_time": "18:35",
      "entry_price": 4203.973,
      "sl_price": 4205.973,
      "tp_price": 4197.973,
      "lot_size": 0.08,
      "side": "SELL",
      "tag": "2025-10-21_18:35",
      "trade_outcome": "LOSS",
      "pnl": -16.0,
      "exit_time": "18:35",
      "account_balance": 811.21,
      "status": "CLOSED"
    },
    "2025-10-21_19:00": {
      "position_id": 2705575908,
      "date": "21-10-2025",
      "trade_number": 12,
      "entry_time": "19:00",
      "entry_price": 4198.769,
      "sl_price": 4200.769,
      "tp_price": 4192.769,
      "lot_size": 0.08,
      "side": "SELL",
      "tag": "2025-10-21_19:00",
      "trade_outcome": "PROFIT",
      "pnl": 48.0,
      "exit_time": "19:00",
      "account_balance": 859.21,
      "status": "CLOSED"
    },
    "2025-10-21_19:05": {
      "position_id": 2705693705,
      "date": "21-10-2025",
      "trade_number": 13,
      "entry_time": "19:05",
      "entry_price": 4200.353,
      "sl_price": 4202.353,
      "tp_price": 4194.353,
      "lot_size": 0.08,
      "side": "SELL",
      "tag": "2025-10-21_19:05",
      "trade_outcome": "LOSS",
      "pnl": -16.17,
      "exit_time": "19:05",
      "account_balance": 843.04,
      "status": "CLOSED"
    },
    "2025-10-21_19:30": {
      "position_id": 2706352036,
      "date": "21-10-2025",
      "trade_number": 14,
      "entry_time": "19:30",
      "entry_price": 4173.027,
      "sl_price": 4175.027,
      "tp_price": 4167.027,
      "lot_size": 0.08,
      "side": "SELL",
      "tag": "2025-10-21_19:30",
      "trade_outcome": "LOSS",
      "pnl": -16.0,
      "exit_time": "19:30",
      "account_balance": 827.04,
      "status": "CLOSED"
    },
    "2025-10-21_19:35": {
      "position_id": 2706483161,
      "date": "21-10-2025",
      "trade_number": 15,
      "entry_time": "19:35",
      "entry_price": 4175.944,
      "sl_price": 4173.944,
      "tp_price": 4181.944,
      "lot_size": 0.08,
      "side": "BUY",
      "tag": "2025-10-21_19:35",
      "trade_outcome": "PROFIT",
      "pnl": 48.0,
      "exit_time": "19:36",
      "account_balance": 875.04,
      "status": "CLOSED"
    },
    "2025-10-21_19:45": {
      "position_id": 2706726139,
      "date": "21-10-2025",
      "trade_number": 16,
      "entry_time": "19:45",
      "entry_price": 4181.168,
      "sl_price": 4179.168,
      "tp_price": 4187.168,
      "lot_size": 0.08,
      "side": "BUY",
      "tag": "2025-10-21_19:45",
      "trade_outcome": "LOSS",
      "pnl": -16.0,
      "exit_time": "19:45",
      "account_balance": 859.04,
      "status": "CLOSED"
    },
    "2025-10-21_20:05": {
      "position_id": 2707260097,
      "date": "21-10-2025",
      "trade_number": 17,
      "entry_time": "20:05",
      "entry_price": 4133.495,
      "sl_price": 4135.495,
      "tp_price": 4127.495,
      "lot_size": 0.08,
      "side": "SELL",
      "tag": "2025-10-21_20:05",
      "trade_outcome": "PROFIT",
      "pnl": 48.0,
      "exit_time": "20:05",
      "account_balance": 907.04,
      "status": "CLOSED"
    },
    "2025-10-21_20:30": {
      "position_id": 2707927798,
      "date": "21-10-2025",
      "trade_number": 18,
      "entry_time": "20:30",
      "entry_price": 4137.51,
      "sl_price": 4135.51,
      "tp_price": 4143.51,
      "lot_size": 0.09,
      "side": "BUY",
      "tag": "2025-10-21_20:30",
      "trade_outcome": "LOSS",
      "pnl": -16.19,
      "exit_time": "20:30",
      "account_balance": 890.85,
      "status": "CLOSED"
    },
    "2025-10-21_20:35": {
      "position_id": 2708031173,
      "date": "21-10-2025",
      "trade_number": 19,
      "entry_time": "20:35",
      "entry_price": 4130.431,
      "sl_price": 4132.431,
      "tp_price": 4124.431,
      "lot_size": 0.08,
      "side": "SELL",
      "tag": "2025-10-21_20:35",
      "trade_outcome": "LOSS",
      "pnl": -16.0,
      "exit_time": "20:35",
      "account_balance": 874.85,
      "status": "CLOSED"
    }
  }
}