{
  "08:00": {
    "ask": 4188.43,
    "bid": 4188.43,
    "timestamp": "2025-11-14T17:14:00.186500",
    "source": "mt5_backfill"
  },
  "08:50": {
    "ask": 4182.45,
    "bid": 4182.45,
    "timestamp": "2025-11-14T17:14:00.186612",
    "source": "mt5_backfill"
  },
  "09:20": {
    "ask": 4187.28,
    "bid": 4187.28,
    "timestamp": "2025-11-14T17:14:00.186689",
    "source": "mt5_backfill"
  },
  "09:40": {
    "ask": 4191.88,
    "bid": 4191.88,
    "timestamp": "2025-11-14T17:14:00.186752",
    "source": "mt5_backfill"
  },
  "10:00": {
    "ask": 4199.59,
    "bid": 4199.59,
    "timestamp": "2025-11-14T17:14:00.187118",
    "source": "mt5_backfill"
  },
  "10:30": {
    "ask": 4207.13,
    "bid": 4207.13,
    "timestamp": "2025-11-14T17:14:00.187189",
    "source": "mt5_backfill"
  },
  "18:25": {
    "ask": 4170.47,
    "bid": 4170.47,
    "timestamp": "2025-11-14T18:29:29.702673",
    "source": "mt5_backfill"
  },
  "18:30": {
    "ask": 4116.09,
    "bid": 4116.01,
    "timestamp": "2025-11-14T18:30:00.772881"
  },
  "18:55": {
    "ask": 4146.09,
    "bid": 4146.09,
    "timestamp": "2025-11-14T19:26:03.779338",
    "source": "mt5_backfill"
  },
  "19:00": {
    "ask": 4148.77,
    "bid": 4148.77,
    "timestamp": "2025-11-14T19:26:03.779409",
    "source": "mt5_backfill"
  },
  "19:25": {
    "ask": 4137.91,
    "bid": 4137.91,
    "timestamp": "2025-11-14T19:26:03.779468",
    "source": "mt5_backfill"
  },
  "19:30": {
    "ask": 4055.97,
    "bid": 4055.89,
    "timestamp": "2025-11-14T19:30:00.228768"
  }
}