{
  "date": "2025-11-02",
  "ticks": {
    "05:45": {
      "price": 4001.701,
      "source": "live",
      "captured_at": "2025-11-02T05:45:00.041005+05:30",
      "updates": []
    },
    "06:25": {
      "price": 4001.701,
      "source": "live",
      "captured_at": "2025-11-02T06:25:00.090730+05:30",
      "updates": []
    },
    "08:00": {
      "price": 4001.701,
      "source": "live",
      "captured_at": "2025-11-02T08:00:00.142531+05:30",
      "updates": []
    },
    "08:50": {
      "price": 4001.701,
      "source": "live",
      "captured_at": "2025-11-02T08:50:00.053459+05:30",
      "updates": []
    },
    "09:20": {
      "price": 4001.701,
      "source": "live",
      "captured_at": "2025-11-02T09:20:00.142665+05:30",
      "updates": []
    },
    "09:40": {
      "price": 4001.701,
      "source": "live",
      "captured_at": "2025-11-02T09:40:00.090107+05:30",
      "updates": []
    },
    "10:00": {
      "price": 4001.701,
      "source": "live",
      "captured_at": "2025-11-02T10:00:00.107001+05:30",
      "updates": []
    },
    "10:30": {
      "price": 4001.701,
      "source": "live",
      "captured_at": "2025-11-02T10:30:00.136979+05:30",
      "updates": []
    }
  },
  "metadata": {
    "last_updated": "2025-11-02T10:30:00.138183+05:30",
    "total_ticks": 8
  }
}