{
  "date": "22-10-2025",
  "opening_balance": 679.21,
  "closing_balance": 968.75,
  "trades": {
    "2025-1": {
      "position_id": 2708031173,
      "date": "22-10-2025",
      "trade_number": 1,
      "entry_time": "20:34",
      "entry_price": 4128.403,
      "sl_price": 4130.403,
      "tp_price": 4122.403,
      "lot_size": 0.08,
      "side": "SELL",
      "tag": "2025-1",
      "trade_outcome": "LOSS",
      "pnl": -16.0,
      "exit_time": "20:35",
      "account_balance": 663.21,
      "status": "CLOSED"
    },
    "2025-10-22_09:45": {
      "position_id": 2714123725,
      "date": "22-10-2025",
      "trade_number": 2,
      "entry_time": "09:45",
      "entry_price": 4123.93,
      "sl_price": 4125.93,
      "tp_price": 4117.93,
      "lot_size": 0.08,
      "side": "SELL",
      "tag": "2025-10-22_09:45",
      "trade_outcome": "LOSS",
      "pnl": -16.0,
      "exit_time": "09:45",
      "account_balance": 858.85,
      "status": "CLOSED"
    },
    "2025-10-22_10:05": {
      "position_id": 2714268234,
      "date": "22-10-2025",
      "trade_number": 3,
      "entry_time": "10:05",
      "entry_price": 4130.602,
      "sl_price": 4128.602,
      "tp_price": 4136.602,
      "lot_size": 0.08,
      "side": "BUY",
      "tag": "2025-10-22_10:05",
      "trade_outcome": "LOSS",
      "pnl": -16.0,
      "exit_time": "10:07",
      "account_balance": 842.85,
      "status": "CLOSED"
    },
    "2025-10-22_10:35": {
      "position_id": 2714488645,
      "date": "22-10-2025",
      "trade_number": 4,
      "entry_time": "10:35",
      "entry_price": 4134.168,
      "sl_price": 4132.168,
      "tp_price": 4140.168,
      "lot_size": 0.08,
      "side": "BUY",
      "tag": "2025-10-22_10:35",
      "trade_outcome": "PROFIT",
      "pnl": 48.0,
      "exit_time": "10:37",
      "account_balance": 890.85,
      "status": "CLOSED"
    },
    "2025-10-22_18:30": {
      "position_id": 2720599589,
      "date": "22-10-2025",
      "trade_number": 5,
      "entry_time": "18:30",
      "entry_price": 4038.614,
      "sl_price": 4036.614,
      "tp_price": 4044.614,
      "lot_size": 0.08,
      "side": "BUY",
      "tag": "2025-10-22_18:30",
      "trade_outcome": "PROFIT",
      "pnl": 48.0,
      "exit_time": "18:30",
      "account_balance": 938.85,
      "status": "CLOSED"
    },
    "2025-10-22_18:35": {
      "position_id": 2720713535,
      "date": "22-10-2025",
      "trade_number": 6,
      "entry_time": "18:35",
      "entry_price": 4064.264,
      "sl_price": 4062.264,
      "tp_price": 4070.264,
      "lot_size": 0.09,
      "side": "BUY",
      "tag": "2025-10-22_18:35",
      "trade_outcome": "LOSS",
      "pnl": -18.0,
      "exit_time": "18:35",
      "account_balance": 920.85,
      "status": "CLOSED"
    },
    "2025-10-22_19:00": {
      "position_id": 2721104830,
      "date": "22-10-2025",
      "trade_number": 7,
      "entry_time": "19:00",
      "entry_price": 4048.549,
      "sl_price": 4050.549,
      "tp_price": 4042.549,
      "lot_size": 0.09,
      "side": "SELL",
      "tag": "2025-10-22_19:00",
      "trade_outcome": "LOSS",
      "pnl": -18.0,
      "exit_time": "19:00",
      "account_balance": 884.81,
      "status": "CLOSED"
    },
    "2025-10-22_19:05": {
      "position_id": 2721192952,
      "date": "22-10-2025",
      "trade_number": 8,
      "entry_time": "19:05",
      "entry_price": 4059.089,
      "sl_price": 4057.089,
      "tp_price": 4065.089,
      "lot_size": 0.08,
      "side": "BUY",
      "tag": "2025-10-22_19:05",
      "trade_outcome": "PROFIT",
      "pnl": 48.0,
      "exit_time": "19:06",
      "account_balance": 932.81,
      "status": "CLOSED"
    },
    "2025-10-22_19:30": {
      "position_id": 2721606101,
      "date": "22-10-2025",
      "trade_number": 9,
      "entry_time": "19:30",
      "entry_price": 4076.788,
      "sl_price": 4078.788,
      "tp_price": 4070.788,
      "lot_size": 0.09,
      "side": "SELL",
      "tag": "2025-10-22_19:30",
      "trade_outcome": "LOSS",
      "pnl": -18.0,
      "exit_time": "19:30",
      "account_balance": 914.81,
      "status": "CLOSED"
    },
    "2025-10-22_19:35": {
      "position_id": 2721695074,
      "date": "22-10-2025",
      "trade_number": 10,
      "entry_time": "19:35",
      "entry_price": 4074.408,
      "sl_price": 4076.408,
      "tp_price": 4068.408,
      "lot_size": 0.09,
      "side": "SELL",
      "tag": "2025-10-22_19:35",
      "trade_outcome": "PROFIT",
      "pnl": 54.0,
      "exit_time": "19:36",
      "account_balance": 968.81,
      "status": "CLOSED"
    },
    "2025-10-22_19:45": {
      "position_id": 2721881699,
      "date": "22-10-2025",
      "trade_number": 11,
      "entry_time": "19:45",
      "entry_price": 4064.684,
      "sl_price": 4062.684,
      "tp_price": 4070.684,
      "lot_size": 0.09,
      "side": "BUY",
      "tag": "2025-10-22_19:45",
      "trade_outcome": "LOSS",
      "pnl": -18.0,
      "exit_time": "19:45",
      "account_balance": 950.81,
      "status": "CLOSED"
    },
    "2025-10-22_20:05": {
      "position_id": 2722174338,
      "date": "22-10-2025",
      "trade_number": 12,
      "entry_time": "20:05",
      "entry_price": 4041.253,
      "sl_price": 4043.253,
      "tp_price": 4035.253,
      "lot_size": 0.09,
      "side": "SELL",
      "tag": "2025-10-22_20:05",
      "trade_outcome": "LOSS",
      "pnl": -18.06,
      "exit_time": "20:06",
      "account_balance": 932.75,
      "status": "CLOSED"
    },
    "2025-10-22_20:30": {
      "position_id": 2722613580,
      "date": "22-10-2025",
      "trade_number": 13,
      "entry_time": "20:30",
      "entry_price": 4016.539,
      "sl_price": 4014.539,
      "tp_price": 4022.539,
      "lot_size": 0.09,
      "side": "BUY",
      "tag": "2025-10-22_20:30",
      "trade_outcome": "PROFIT",
      "pnl": 54.0,
      "exit_time": "20:31",
      "account_balance": 986.75,
      "status": "CLOSED"
    },
    "2025-10-22_20:35": {
      "position_id": 2722694562,
      "date": "22-10-2025",
      "trade_number": 14,
      "entry_time": "20:35",
      "entry_price": 4026.41,
      "sl_price": 4024.41,
      "tp_price": 4032.41,
      "lot_size": 0.09,
      "side": "BUY",
      "tag": "2025-10-22_20:35",
      "trade_outcome": "LOSS",
      "pnl": -18.0,
      "exit_time": "20:35",
      "account_balance": 968.75,
      "status": "CLOSED"
    }
  }
}