{
  "date": "27-10-2025",
  "opening_balance": 1000.75,
  "closing_balance": 1130.47,
  "trades": {
    "2025-10-27_05:50": {
      "position_id": 2751670673,
      "date": "27-10-2025",
      "trade_number": 1,
      "entry_time": "05:50",
      "entry_price": 4064.491,
      "sl_price": 4066.491,
      "tp_price": 4058.491,
      "lot_size": 0.09,
      "side": "SELL",
      "tag": "2025-10-27_05:50",
      "trade_outcome": "LOSS",
      "pnl": -18.0,
      "exit_time": "05:51",
      "account_balance": 925.42,
      "status": "CLOSED"
    },
    "2025-10-27_06:30": {
      "position_id": 2751913259,
      "date": "27-10-2025",
      "trade_number": 2,
      "entry_time": "06:30",
      "entry_price": 4084.346,
      "sl_price": 4082.346,
      "tp_price": 4090.346,
      "lot_size": 0.09,
      "side": "BUY",
      "tag": "2025-10-27_06:30",
      "trade_outcome": "LOSS",
      "pnl": -18.0,
      "exit_time": "06:30",
      "account_balance": 907.42,
      "status": "CLOSED"
    },
    "2025-10-27_08:05": {
      "position_id": 2752702087,
      "date": "27-10-2025",
      "trade_number": 3,
      "entry_time": "08:05",
      "entry_price": 4073.909,
      "sl_price": 4075.909,
      "tp_price": 4067.909,
      "lot_size": 0.09,
      "side": "SELL",
      "tag": "2025-10-27_08:05",
      "trade_outcome": "LOSS",
      "pnl": -18.0,
      "exit_time": "08:07",
      "account_balance": 889.42,
      "status": "CLOSED"
    },
    "2025-10-27_08:55": {
      "position_id": 2753089005,
      "date": "27-10-2025",
      "trade_number": 4,
      "entry_time": "08:55",
      "entry_price": 4076.491,
      "sl_price": 4074.491,
      "tp_price": 4082.491,
      "lot_size": 0.08,
      "side": "BUY",
      "tag": "2025-10-27_08:55",
      "trade_outcome": "LOSS",
      "pnl": -16.0,
      "exit_time": "09:24",
      "account_balance": 873.42,
      "status": "CLOSED"
    },
    "2025-10-27_09:25": {
      "position_id": 2753288171,
      "date": "27-10-2025",
      "trade_number": 5,
      "entry_time": "09:25",
      "entry_price": 4072.876,
      "sl_price": 4074.876,
      "tp_price": 4066.876,
      "lot_size": 0.08,
      "side": "SELL",
      "tag": "2025-10-27_09:25",
      "trade_outcome": "PROFIT",
      "pnl": 48.0,
      "exit_time": "09:30",
      "account_balance": 921.42,
      "status": "CLOSED"
    },
    "2025-10-27_09:45": {
      "position_id": 2753506871,
      "date": "27-10-2025",
      "trade_number": 6,
      "entry_time": "09:45",
      "entry_price": 4057.675,
      "sl_price": 4055.675,
      "tp_price": 4063.675,
      "lot_size": 0.09,
      "side": "BUY",
      "tag": "2025-10-27_09:45",
      "trade_outcome": "LOSS",
      "pnl": -18.0,
      "exit_time": "09:46",
      "account_balance": 903.42,
      "status": "CLOSED"
    },
    "2025-10-27_10:05": {
      "position_id": 2753670188,
      "date": "27-10-2025",
      "trade_number": 7,
      "entry_time": "10:05",
      "entry_price": 4063.605,
      "sl_price": 4061.605,
      "tp_price": 4069.605,
      "lot_size": 0.09,
      "side": "BUY",
      "tag": "2025-10-27_10:05",
      "trade_outcome": "LOSS",
      "pnl": -18.0,
      "exit_time": "10:08",
      "account_balance": 885.42,
      "status": "CLOSED"
    },
    "2025-10-27_10:35": {
      "position_id": 2753880440,
      "date": "27-10-2025",
      "trade_number": 8,
      "entry_time": "10:35",
      "entry_price": 4072.168,
      "sl_price": 4070.168,
      "tp_price": 4078.168,
      "lot_size": 0.08,
      "side": "BUY",
      "tag": "2025-10-27_10:35",
      "trade_outcome": "LOSS",
      "pnl": -16.0,
      "exit_time": "10:37",
      "account_balance": 869.42,
      "status": "CLOSED"
    },
    "2025-10-27_18:30": {
      "position_id": 2758812732,
      "date": "27-10-2025",
      "trade_number": 9,
      "entry_time": "18:30",
      "entry_price": 4048.336,
      "sl_price": 4046.336,
      "tp_price": 4054.336,
      "lot_size": 0.08,
      "side": "BUY",
      "tag": "2025-10-27_18:30",
      "trade_outcome": "LOSS",
      "pnl": -16.0,
      "exit_time": "18:35",
      "account_balance": 856.66,
      "status": "CLOSED"
    },
    "2025-10-27_18:35": {
      "position_id": 2758883787,
      "date": "27-10-2025",
      "trade_number": 10,
      "entry_time": "18:35",
      "entry_price": 4046.966,
      "sl_price": 4048.966,
      "tp_price": 4040.966,
      "lot_size": 0.08,
      "side": "SELL",
      "tag": "2025-10-27_18:35",
      "trade_outcome": "PROFIT",
      "pnl": 48.0,
      "exit_time": "18:35",
      "account_balance": 904.66,
      "status": "CLOSED"
    },
    "2025-10-27_19:00": {
      "position_id": 2759215364,
      "date": "27-10-2025",
      "trade_number": 11,
      "entry_time": "19:00",
      "entry_price": 4028.032,
      "sl_price": 4030.032,
      "tp_price": 4022.032,
      "lot_size": 0.09,
      "side": "SELL",
      "tag": "2025-10-27_19:00",
      "trade_outcome": "PROFIT",
      "pnl": 54.09,
      "exit_time": "19:00",
      "account_balance": 958.75,
      "status": "CLOSED"
    },
    "2025-10-27_19:05": {
      "position_id": 2759359319,
      "date": "27-10-2025",
      "trade_number": 12,
      "entry_time": "19:05",
      "entry_price": 4032.192,
      "sl_price": 4030.192,
      "tp_price": 4038.192,
      "lot_size": 0.09,
      "side": "BUY",
      "tag": "2025-10-27_19:05",
      "trade_outcome": "LOSS",
      "pnl": -18.0,
      "exit_time": "19:05",
      "account_balance": 940.75,
      "status": "CLOSED"
    },
    "2025-10-27_19:30": {
      "position_id": 2759849352,
      "date": "27-10-2025",
      "trade_number": 13,
      "entry_time": "19:30",
      "entry_price": 4022.881,
      "sl_price": 4020.881,
      "tp_price": 4028.881,
      "lot_size": 0.09,
      "side": "BUY",
      "tag": "2025-10-27_19:30",
      "trade_outcome": "LOSS",
      "pnl": -18.0,
      "exit_time": "19:30",
      "account_balance": 940.06,
      "status": "CLOSED"
    },
    "2025-10-27_19:35": {
      "position_id": 2759967118,
      "date": "27-10-2025",
      "trade_number": 14,
      "entry_time": "19:35",
      "entry_price": 4009.397,
      "sl_price": 4011.397,
      "tp_price": 4003.397,
      "lot_size": 0.09,
      "side": "SELL",
      "tag": "2025-10-27_19:35",
      "trade_outcome": "LOSS",
      "pnl": -18.0,
      "exit_time": "19:35",
      "account_balance": 974.47,
      "status": "CLOSED"
    },
    "2025-10-27_19:45": {
      "position_id": 2760175107,
      "date": "27-10-2025",
      "trade_number": 15,
      "entry_time": "19:45",
      "entry_price": 4005.383,
      "sl_price": 4007.383,
      "tp_price": 3999.383,
      "lot_size": 0.09,
      "side": "SELL",
      "tag": "2025-10-27_19:45",
      "trade_outcome": "LOSS",
      "pnl": -18.0,
      "exit_time": "19:45",
      "account_balance": 956.47,
      "status": "CLOSED"
    },
    "2025-10-27_20:05": {
      "position_id": 2760588230,
      "date": "27-10-2025",
      "trade_number": 16,
      "entry_time": "20:05",
      "entry_price": 3994.768,
      "sl_price": 3996.768,
      "tp_price": 3988.768,
      "lot_size": 0.09,
      "side": "SELL",
      "tag": "2025-10-27_20:05",
      "trade_outcome": "PROFIT",
      "pnl": 54.0,
      "exit_time": "20:07",
      "account_balance": 1010.47,
      "status": "CLOSED"
    },
    "2025-10-27_20:30": {
      "position_id": 2761003777,
      "date": "27-10-2025",
      "trade_number": 17,
      "entry_time": "20:30",
      "entry_price": 3987.084,
      "sl_price": 3989.084,
      "tp_price": 3981.084,
      "lot_size": 0.1,
      "side": "SELL",
      "tag": "2025-10-27_20:30",
      "trade_outcome": "PROFIT",
      "pnl": 60.0,
      "exit_time": "20:30",
      "account_balance": 1070.47,
      "status": "CLOSED"
    },
    "2025-10-27_20:35": {
      "position_id": 2761110176,
      "date": "27-10-2025",
      "trade_number": 18,
      "entry_time": "20:35",
      "entry_price": 3981.618,
      "sl_price": 3983.618,
      "tp_price": 3975.618,
      "lot_size": 0.1,
      "side": "SELL",
      "tag": "2025-10-27_20:35",
      "trade_outcome": "PROFIT",
      "pnl": 60.0,
      "exit_time": "20:37",
      "account_balance": 1130.47,
      "status": "CLOSED"
    }
  }
}